Command line invocation:
    /Applications/Xcode.app/Contents/Developer/usr/bin/xcodebuild test -project ios/ArgusFoundation.xcodeproj -scheme ArgusFoundation -configuration Debug -destination "platform=iOS Simulator,id=FEB9FD84-9606-4E56-AD07-AAA14B7AF72A" -derivedDataPath /private/tmp/cuadrao-apple-name-xcode -clonedSourcePackagesDirPath /private/tmp/cuadrao-apple-session-xcode-packages -disableAutomaticPackageResolution -parallel-testing-enabled NO "-only-testing:ArgusFoundationUITests/IndependentAppleNameUITests" -resultBundlePath /private/tmp/cuadrao-apple-name-ui-fixed.xcresult CODE_SIGNING_REQUIRED=NO ARGUS_LOCAL_BUNDLE_IDENTIFIER=local.argus.apple-name-independent

Build settings from command line:
    ARGUS_LOCAL_BUNDLE_IDENTIFIER = local.argus.apple-name-independent
    CODE_SIGNING_REQUIRED = NO

Resolve Package Graph


Resolved source packages:
  AppCheck: https://github.com/google/app-check.git @ 11.3.2
  InteropForGoogle: https://github.com/google/interop-ios-for-google-sdks.git @ 101.0.0
  swift-asn1: https://github.com/apple/swift-asn1.git @ 1.7.3
  xctest-dynamic-overlay: https://github.com/pointfreeco/xctest-dynamic-overlay @ 1.13.1
  swift-concurrency-extras: https://github.com/pointfreeco/swift-concurrency-extras @ 1.4.1
  swift-issue-reporting: https://github.com/pointfreeco/swift-issue-reporting @ 2.1.1
  swift-http-types: https://github.com/apple/swift-http-types.git @ 1.8.0
  swift-clocks: https://github.com/pointfreeco/swift-clocks @ 1.1.1
  Promises: https://github.com/google/promises.git @ 2.4.1
  swift-crypto: https://github.com/apple/swift-crypto.git @ 4.5.2
  GTMSessionFetcher: https://github.com/google/gtm-session-fetcher.git @ 3.5.0
  ArgusSession: /tmp/cuadrao-apple-name-independent/ios/Packages/ArgusSession @ local
  AppAuth: https://github.com/openid/AppAuth-iOS.git @ 2.1.0
  Supabase: https://github.com/supabase/supabase-swift.git @ 2.55.2
  GTMAppAuth: https://github.com/google/GTMAppAuth.git @ 5.0.0
  GoogleSignIn: https://github.com/google/GoogleSignIn-iOS.git @ 9.2.0
  GoogleUtilities: https://github.com/google/GoogleUtilities.git @ 8.1.4

Writing result bundle at path:
	/private/tmp/cuadrao-apple-name-ui-fixed.xcresult

ComputePackagePrebuildTargetDependencyGraph

Prepare packages

CreateBuildRequest

SendProjectDescription

CreateBuildOperation

ComputeTargetDependencyGraph
note: Building targets in dependency order
note: Target dependency graph (54 targets)
    Target 'ArgusFoundationUITests' in project 'ArgusFoundation'
        ➜ Explicit dependency on target 'ArgusFoundation' in project 'ArgusFoundation'
    Target 'ArgusFoundation' in project 'ArgusFoundation'
        ➜ Explicit dependency on target 'ArgusSession-product' in project 'ArgusSession'
        ➜ Explicit dependency on target 'GoogleSignIn-product' in project 'GoogleSignIn'
        ➜ Explicit dependency on target 'GoogleSignInSwift-product' in project 'GoogleSignIn'
    Target 'GoogleSignInSwift-product' in project 'GoogleSignIn'
        ➜ Explicit dependency on target 'GoogleSignInSwift' in project 'GoogleSignIn'
        ➜ Explicit dependency on target 'GoogleSignIn_GoogleSignInSwift' in project 'GoogleSignIn'
        ➜ Explicit dependency on target 'GoogleSignIn' in project 'GoogleSignIn'
        ➜ Explicit dependency on target 'AppAuth-product' in project 'AppAuth'
        ➜ Explicit dependency on target 'AppAuthCore-product' in project 'AppAuth'
        ➜ Explicit dependency on target 'AppCheckCore-product' in project 'AppCheck'
        ➜ Explicit dependency on target 'GTMAppAuth-product' in project 'GTMAppAuth'
        ➜ Explicit dependency on target 'GTMSessionFetcherCore-product' in project 'GTMSessionFetcher'
    Target 'GoogleSignInSwift' in project 'GoogleSignIn'
        ➜ Explicit dependency on target 'GoogleSignIn_GoogleSignInSwift' in project 'GoogleSignIn'
        ➜ Explicit dependency on target 'GoogleSignIn' in project 'GoogleSignIn'
        ➜ Explicit dependency on target 'AppAuth-product' in project 'AppAuth'
        ➜ Explicit dependency on target 'AppAuthCore-product' in project 'AppAuth'
        ➜ Explicit dependency on target 'AppCheckCore-product' in project 'AppCheck'
        ➜ Explicit dependency on target 'GTMAppAuth-product' in project 'GTMAppAuth'
        ➜ Explicit dependency on target 'GTMSessionFetcherCore-product' in project 'GTMSessionFetcher'
    Target 'GoogleSignIn_GoogleSignInSwift' in project 'GoogleSignIn' (no dependencies)
    Target 'GoogleSignIn-product' in project 'GoogleSignIn'
        ➜ Explicit dependency on target 'GoogleSignIn' in project 'GoogleSignIn'
        ➜ Explicit dependency on target 'GoogleSignIn_GoogleSignIn' in project 'GoogleSignIn'
        ➜ Explicit dependency on target 'AppAuth-product' in project 'AppAuth'
        ➜ Explicit dependency on target 'AppAuthCore-product' in project 'AppAuth'
        ➜ Explicit dependency on target 'AppCheckCore-product' in project 'AppCheck'
        ➜ Explicit dependency on target 'GTMAppAuth-product' in project 'GTMAppAuth'
        ➜ Explicit dependency on target 'GTMSessionFetcherCore-product' in project 'GTMSessionFetcher'
    Target 'GoogleSignIn' in project 'GoogleSignIn'
        ➜ Explicit dependency on target 'GoogleSignIn_GoogleSignIn' in project 'GoogleSignIn'
        ➜ Explicit dependency on target 'AppAuth-product' in project 'AppAuth'
        ➜ Explicit dependency on target 'AppAuthCore-product' in project 'AppAuth'
        ➜ Explicit dependency on target 'AppCheckCore-product' in project 'AppCheck'
        ➜ Explicit dependency on target 'GTMAppAuth-product' in project 'GTMAppAuth'
        ➜ Explicit dependency on target 'GTMSessionFetcherCore-product' in project 'GTMSessionFetcher'
    Target 'GTMAppAuth-product' in project 'GTMAppAuth'
        ➜ Explicit dependency on target 'GTMAppAuth' in project 'GTMAppAuth'
        ➜ Explicit dependency on target 'GTMAppAuth_GTMAppAuth' in project 'GTMAppAuth'
        ➜ Explicit dependency on target 'GTMSessionFetcherCore-product' in project 'GTMSessionFetcher'
        ➜ Explicit dependency on target 'AppAuthCore-product' in project 'AppAuth'
    Target 'GTMAppAuth' in project 'GTMAppAuth'
        ➜ Explicit dependency on target 'GTMAppAuth_GTMAppAuth' in project 'GTMAppAuth'
        ➜ Explicit dependency on target 'GTMSessionFetcherCore-product' in project 'GTMSessionFetcher'
        ➜ Explicit dependency on target 'AppAuthCore-product' in project 'AppAuth'
    Target 'GTMSessionFetcherCore-product' in project 'GTMSessionFetcher'
        ➜ Explicit dependency on target 'GTMSessionFetcherCore' in project 'GTMSessionFetcher'
        ➜ Explicit dependency on target 'GTMSessionFetcher_GTMSessionFetcherCore' in project 'GTMSessionFetcher'
    Target 'GTMSessionFetcherCore' in project 'GTMSessionFetcher'
        ➜ Explicit dependency on target 'GTMSessionFetcher_GTMSessionFetcherCore' in project 'GTMSessionFetcher'
    Target 'GTMSessionFetcher_GTMSessionFetcherCore' in project 'GTMSessionFetcher' (no dependencies)
    Target 'GTMAppAuth_GTMAppAuth' in project 'GTMAppAuth' (no dependencies)
    Target 'AppCheckCore-product' in project 'AppCheck'
        ➜ Explicit dependency on target 'AppCheckCore' in project 'AppCheck'
        ➜ Explicit dependency on target 'FBLPromises-product' in project 'Promises'
        ➜ Explicit dependency on target 'GULEnvironment-product' in project 'GoogleUtilities'
        ➜ Explicit dependency on target 'GULUserDefaults-product' in project 'GoogleUtilities'
    Target 'AppCheckCore' in project 'AppCheck'
        ➜ Explicit dependency on target 'FBLPromises-product' in project 'Promises'
        ➜ Explicit dependency on target 'GULEnvironment-product' in project 'GoogleUtilities'
        ➜ Explicit dependency on target 'GULUserDefaults-product' in project 'GoogleUtilities'
    Target 'GULUserDefaults-product' in project 'GoogleUtilities'
        ➜ Explicit dependency on target 'GoogleUtilities-UserDefaults' in project 'GoogleUtilities'
        ➜ Explicit dependency on target 'GoogleUtilities_GoogleUtilities-UserDefaults' in project 'GoogleUtilities'
        ➜ Explicit dependency on target 'third-party-IsAppEncrypted' in project 'GoogleUtilities'
        ➜ Explicit dependency on target 'GoogleUtilities-Environment' in project 'GoogleUtilities'
        ➜ Explicit dependency on target 'GoogleUtilities-Logger' in project 'GoogleUtilities'
    Target 'GoogleUtilities-UserDefaults' in project 'GoogleUtilities'
        ➜ Explicit dependency on target 'GoogleUtilities_GoogleUtilities-UserDefaults' in project 'GoogleUtilities'
        ➜ Explicit dependency on target 'third-party-IsAppEncrypted' in project 'GoogleUtilities'
        ➜ Explicit dependency on target 'GoogleUtilities-Environment' in project 'GoogleUtilities'
        ➜ Explicit dependency on target 'GoogleUtilities-Logger' in project 'GoogleUtilities'
    Target 'GoogleUtilities-Logger' in project 'GoogleUtilities'
        ➜ Explicit dependency on target 'GoogleUtilities_GoogleUtilities-Logger' in project 'GoogleUtilities'
        ➜ Explicit dependency on target 'third-party-IsAppEncrypted' in project 'GoogleUtilities'
        ➜ Explicit dependency on target 'GoogleUtilities-Environment' in project 'GoogleUtilities'
    Target 'GoogleUtilities_GoogleUtilities-Logger' in project 'GoogleUtilities' (no dependencies)
    Target 'GoogleUtilities_GoogleUtilities-UserDefaults' in project 'GoogleUtilities' (no dependencies)
    Target 'GULEnvironment-product' in project 'GoogleUtilities'
        ➜ Explicit dependency on target 'GoogleUtilities-Environment' in project 'GoogleUtilities'
        ➜ Explicit dependency on target 'GoogleUtilities_GoogleUtilities-Environment' in project 'GoogleUtilities'
        ➜ Explicit dependency on target 'third-party-IsAppEncrypted' in project 'GoogleUtilities'
    Target 'GoogleUtilities-Environment' in project 'GoogleUtilities'
        ➜ Explicit dependency on target 'GoogleUtilities_GoogleUtilities-Environment' in project 'GoogleUtilities'
        ➜ Explicit dependency on target 'third-party-IsAppEncrypted' in project 'GoogleUtilities'
    Target 'third-party-IsAppEncrypted' in project 'GoogleUtilities' (no dependencies)
    Target 'GoogleUtilities_GoogleUtilities-Environment' in project 'GoogleUtilities' (no dependencies)
    Target 'FBLPromises-product' in project 'Promises'
        ➜ Explicit dependency on target 'FBLPromises' in project 'Promises'
        ➜ Explicit dependency on target 'Promises_FBLPromises' in project 'Promises'
    Target 'FBLPromises' in project 'Promises'
        ➜ Explicit dependency on target 'Promises_FBLPromises' in project 'Promises'
    Target 'Promises_FBLPromises' in project 'Promises' (no dependencies)
    Target 'AppAuthCore-product' in project 'AppAuth'
        ➜ Explicit dependency on target 'AppAuthCore' in project 'AppAuth'
        ➜ Explicit dependency on target 'AppAuth_AppAuthCore' in project 'AppAuth'
    Target 'AppAuth-product' in project 'AppAuth'
        ➜ Explicit dependency on target 'AppAuth' in project 'AppAuth'
        ➜ Explicit dependency on target 'AppAuth_AppAuth' in project 'AppAuth'
        ➜ Explicit dependency on target 'AppAuthCore' in project 'AppAuth'
    Target 'AppAuth' in project 'AppAuth'
        ➜ Explicit dependency on target 'AppAuth_AppAuth' in project 'AppAuth'
        ➜ Explicit dependency on target 'AppAuthCore' in project 'AppAuth'
    Target 'AppAuthCore' in project 'AppAuth'
        ➜ Explicit dependency on target 'AppAuth_AppAuthCore' in project 'AppAuth'
    Target 'AppAuth_AppAuthCore' in project 'AppAuth' (no dependencies)
    Target 'AppAuth_AppAuth' in project 'AppAuth' (no dependencies)
    Target 'GoogleSignIn_GoogleSignIn' in project 'GoogleSignIn' (no dependencies)
    Target 'ArgusSession-product' in project 'ArgusSession'
        ➜ Explicit dependency on target 'ArgusSession' in project 'ArgusSession'
        ➜ Explicit dependency on target 'Auth-product' in project 'Supabase'
    Target 'ArgusSession' in project 'ArgusSession'
        ➜ Explicit dependency on target 'Auth-product' in project 'Supabase'
    Target 'Auth-product' in project 'Supabase'
        ➜ Explicit dependency on target 'Auth' in project 'Supabase'
        ➜ Explicit dependency on target 'Helpers' in project 'Supabase'
        ➜ Explicit dependency on target 'ConcurrencyExtras-product' in project 'swift-concurrency-extras'
        ➜ Explicit dependency on target 'HTTPTypes-product' in project 'swift-http-types'
        ➜ Explicit dependency on target 'Clocks-product' in project 'swift-clocks'
        ➜ Explicit dependency on target 'XCTestDynamicOverlay-product' in project 'xctest-dynamic-overlay'
        ➜ Explicit dependency on target 'IssueReporting-product' in project 'xctest-dynamic-overlay'
        ➜ Explicit dependency on target 'Crypto-product' in project 'swift-crypto'
    Target 'Auth' in project 'Supabase'
        ➜ Explicit dependency on target 'Helpers' in project 'Supabase'
        ➜ Explicit dependency on target 'ConcurrencyExtras-product' in project 'swift-concurrency-extras'
        ➜ Explicit dependency on target 'HTTPTypes-product' in project 'swift-http-types'
        ➜ Explicit dependency on target 'Clocks-product' in project 'swift-clocks'
        ➜ Explicit dependency on target 'XCTestDynamicOverlay-product' in project 'xctest-dynamic-overlay'
        ➜ Explicit dependency on target 'IssueReporting-product' in project 'xctest-dynamic-overlay'
        ➜ Explicit dependency on target 'Crypto-product' in project 'swift-crypto'
    Target 'Crypto-product' in project 'swift-crypto'
        ➜ Explicit dependency on target 'Crypto' in project 'swift-crypto'
        ➜ Explicit dependency on target 'swift-crypto_Crypto' in project 'swift-crypto'
    Target 'Crypto' in project 'swift-crypto'
        ➜ Explicit dependency on target 'swift-crypto_Crypto' in project 'swift-crypto'
    Target 'swift-crypto_Crypto' in project 'swift-crypto' (no dependencies)
    Target 'Helpers' in project 'Supabase'
        ➜ Explicit dependency on target 'ConcurrencyExtras-product' in project 'swift-concurrency-extras'
        ➜ Explicit dependency on target 'HTTPTypes-product' in project 'swift-http-types'
        ➜ Explicit dependency on target 'Clocks-product' in project 'swift-clocks'
        ➜ Explicit dependency on target 'XCTestDynamicOverlay-product' in project 'xctest-dynamic-overlay'
        ➜ Explicit dependency on target 'IssueReporting-product' in project 'xctest-dynamic-overlay'
    Target 'IssueReporting-product' in project 'xctest-dynamic-overlay'
        ➜ Explicit dependency on target '_IssueReporting' in project 'xctest-dynamic-overlay'
        ➜ Explicit dependency on target 'IssueReporting-product' in project 'swift-issue-reporting'
    Target 'XCTestDynamicOverlay-product' in project 'xctest-dynamic-overlay'
        ➜ Explicit dependency on target 'XCTestDynamicOverlay' in project 'xctest-dynamic-overlay'
        ➜ Explicit dependency on target '_IssueReporting' in project 'xctest-dynamic-overlay'
        ➜ Explicit dependency on target 'IssueReporting-product' in project 'swift-issue-reporting'
    Target 'XCTestDynamicOverlay' in project 'xctest-dynamic-overlay'
        ➜ Explicit dependency on target '_IssueReporting' in project 'xctest-dynamic-overlay'
        ➜ Explicit dependency on target 'IssueReporting-product' in project 'swift-issue-reporting'
    Target '_IssueReporting' in project 'xctest-dynamic-overlay'
        ➜ Explicit dependency on target 'IssueReporting-product' in project 'swift-issue-reporting'
    Target 'Clocks-product' in project 'swift-clocks'
        ➜ Explicit dependency on target 'Clocks' in project 'swift-clocks'
        ➜ Explicit dependency on target 'ConcurrencyExtras-product' in project 'swift-concurrency-extras'
        ➜ Explicit dependency on target 'IssueReporting-product' in project 'swift-issue-reporting'
    Target 'Clocks' in project 'swift-clocks'
        ➜ Explicit dependency on target 'ConcurrencyExtras-product' in project 'swift-concurrency-extras'
        ➜ Explicit dependency on target 'IssueReporting-product' in project 'swift-issue-reporting'
    Target 'IssueReporting-product' in project 'swift-issue-reporting'
        ➜ Explicit dependency on target 'IssueReporting' in project 'swift-issue-reporting'
    Target 'IssueReporting' in project 'swift-issue-reporting' (no dependencies)
    Target 'HTTPTypes-product' in project 'swift-http-types'
        ➜ Explicit dependency on target 'HTTPTypes' in project 'swift-http-types'
    Target 'HTTPTypes' in project 'swift-http-types' (no dependencies)
    Target 'ConcurrencyExtras-product' in project 'swift-concurrency-extras'
        ➜ Explicit dependency on target 'ConcurrencyExtras' in project 'swift-concurrency-extras'
    Target 'ConcurrencyExtras' in project 'swift-concurrency-extras' (no dependencies)

GatherProvisioningInputs

CreateBuildDescription

ClangStatCache /Applications/Xcode.app/Contents/Developer/Toolchains/XcodeDefault.xctoolchain/usr/bin/clang-stat-cache /Applications/Xcode.app/Contents/Developer/Platforms/iPhoneSimulator.platform/Developer/SDKs/iPhoneSimulator27.0.sdk /tmp/cuadrao-apple-name-xcode/SDKStatCaches.noindex/iphonesimulator27.0-24A430-8dc58220667be655e1bcc261a7455254.sdkstatcache
    cd /tmp/cuadrao-apple-name-independent/ios/ArgusFoundation.xcodeproj
    /Applications/Xcode.app/Contents/Developer/Toolchains/XcodeDefault.xctoolchain/usr/bin/clang-stat-cache /Applications/Xcode.app/Contents/Developer/Platforms/iPhoneSimulator.platform/Developer/SDKs/iPhoneSimulator27.0.sdk -o /tmp/cuadrao-apple-name-xcode/SDKStatCaches.noindex/iphonesimulator27.0-24A430-8dc58220667be655e1bcc261a7455254.sdkstatcache

Copy /tmp/cuadrao-apple-name-xcode/Build/Products/Debug-iphonesimulator/ArgusFoundation.app/Promises_FBLPromises.bundle /tmp/cuadrao-apple-name-xcode/Build/Products/Debug-iphonesimulator/Promises_FBLPromises.bundle (in target 'ArgusFoundation' from project 'ArgusFoundation')
    cd /tmp/cuadrao-apple-name-independent/ios
    builtin-copy -exclude .DS_Store -exclude CVS -exclude .svn -exclude .git -exclude .hg -strip-unsigned-binaries -strip-deterministic -strip-tool /Applications/Xcode.app/Contents/Developer/Toolchains/XcodeDefault.xctoolchain/usr/bin/strip -resolve-src-symlinks /tmp/cuadrao-apple-name-xcode/Build/Products/Debug-iphonesimulator/Promises_FBLPromises.bundle /tmp/cuadrao-apple-name-xcode/Build/Products/Debug-iphonesimulator/ArgusFoundation.app

Copy /tmp/cuadrao-apple-name-xcode/Build/Products/Debug-iphonesimulator/ArgusFoundation.app/GoogleUtilities_GoogleUtilities-UserDefaults.bundle /tmp/cuadrao-apple-name-xcode/Build/Products/Debug-iphonesimulator/GoogleUtilities_GoogleUtilities-UserDefaults.bundle (in target 'ArgusFoundation' from project 'ArgusFoundation')
    cd /tmp/cuadrao-apple-name-independent/ios
    builtin-copy -exclude .DS_Store -exclude CVS -exclude .svn -exclude .git -exclude .hg -strip-unsigned-binaries -strip-deterministic -strip-tool /Applications/Xcode.app/Contents/Developer/Toolchains/XcodeDefault.xctoolchain/usr/bin/strip -resolve-src-symlinks /tmp/cuadrao-apple-name-xcode/Build/Products/Debug-iphonesimulator/GoogleUtilities_GoogleUtilities-UserDefaults.bundle /tmp/cuadrao-apple-name-xcode/Build/Products/Debug-iphonesimulator/ArgusFoundation.app

Copy /tmp/cuadrao-apple-name-xcode/Build/Products/Debug-iphonesimulator/ArgusFoundation.app/swift-crypto_Crypto.bundle /tmp/cuadrao-apple-name-xcode/Build/Products/Debug-iphonesimulator/swift-crypto_Crypto.bundle (in target 'ArgusFoundation' from project 'ArgusFoundation')
    cd /tmp/cuadrao-apple-name-independent/ios
    builtin-copy -exclude .DS_Store -exclude CVS -exclude .svn -exclude .git -exclude .hg -strip-unsigned-binaries -strip-deterministic -strip-tool /Applications/Xcode.app/Contents/Developer/Toolchains/XcodeDefault.xctoolchain/usr/bin/strip -resolve-src-symlinks /tmp/cuadrao-apple-name-xcode/Build/Products/Debug-iphonesimulator/swift-crypto_Crypto.bundle /tmp/cuadrao-apple-name-xcode/Build/Products/Debug-iphonesimulator/ArgusFoundation.app

Copy /tmp/cuadrao-apple-name-xcode/Build/Products/Debug-iphonesimulator/ArgusFoundation.app/GoogleUtilities_GoogleUtilities-Environment.bundle /tmp/cuadrao-apple-name-xcode/Build/Products/Debug-iphonesimulator/GoogleUtilities_GoogleUtilities-Environment.bundle (in target 'ArgusFoundation' from project 'ArgusFoundation')
    cd /tmp/cuadrao-apple-name-independent/ios
    builtin-copy -exclude .DS_Store -exclude CVS -exclude .svn -exclude .git -exclude .hg -strip-unsigned-binaries -strip-deterministic -strip-tool /Applications/Xcode.app/Contents/Developer/Toolchains/XcodeDefault.xctoolchain/usr/bin/strip -resolve-src-symlinks /tmp/cuadrao-apple-name-xcode/Build/Products/Debug-iphonesimulator/GoogleUtilities_GoogleUtilities-Environment.bundle /tmp/cuadrao-apple-name-xcode/Build/Products/Debug-iphonesimulator/ArgusFoundation.app

Copy /tmp/cuadrao-apple-name-xcode/Build/Products/Debug-iphonesimulator/ArgusFoundation.app/GoogleUtilities_GoogleUtilities-Logger.bundle /tmp/cuadrao-apple-name-xcode/Build/Products/Debug-iphonesimulator/GoogleUtilities_GoogleUtilities-Logger.bundle (in target 'ArgusFoundation' from project 'ArgusFoundation')
    cd /tmp/cuadrao-apple-name-independent/ios
    builtin-copy -exclude .DS_Store -exclude CVS -exclude .svn -exclude .git -exclude .hg -strip-unsigned-binaries -strip-deterministic -strip-tool /Applications/Xcode.app/Contents/Developer/Toolchains/XcodeDefault.xctoolchain/usr/bin/strip -resolve-src-symlinks /tmp/cuadrao-apple-name-xcode/Build/Products/Debug-iphonesimulator/GoogleUtilities_GoogleUtilities-Logger.bundle /tmp/cuadrao-apple-name-xcode/Build/Products/Debug-iphonesimulator/ArgusFoundation.app

Copy /tmp/cuadrao-apple-name-xcode/Build/Products/Debug-iphonesimulator/ArgusFoundation.app/GoogleSignIn_GoogleSignIn.bundle /tmp/cuadrao-apple-name-xcode/Build/Products/Debug-iphonesimulator/GoogleSignIn_GoogleSignIn.bundle (in target 'ArgusFoundation' from project 'ArgusFoundation')
    cd /tmp/cuadrao-apple-name-independent/ios
    builtin-copy -exclude .DS_Store -exclude CVS -exclude .svn -exclude .git -exclude .hg -strip-unsigned-binaries -strip-deterministic -strip-tool /Applications/Xcode.app/Contents/Developer/Toolchains/XcodeDefault.xctoolchain/usr/bin/strip -resolve-src-symlinks /tmp/cuadrao-apple-name-xcode/Build/Products/Debug-iphonesimulator/GoogleSignIn_GoogleSignIn.bundle /tmp/cuadrao-apple-name-xcode/Build/Products/Debug-iphonesimulator/ArgusFoundation.app

Copy /tmp/cuadrao-apple-name-xcode/Build/Products/Debug-iphonesimulator/ArgusFoundation.app/GTMSessionFetcher_GTMSessionFetcherCore.bundle /tmp/cuadrao-apple-name-xcode/Build/Products/Debug-iphonesimulator/GTMSessionFetcher_GTMSessionFetcherCore.bundle (in target 'ArgusFoundation' from project 'ArgusFoundation')
    cd /tmp/cuadrao-apple-name-independent/ios
    builtin-copy -exclude .DS_Store -exclude CVS -exclude .svn -exclude .git -exclude .hg -strip-unsigned-binaries -strip-deterministic -strip-tool /Applications/Xcode.app/Contents/Developer/Toolchains/XcodeDefault.xctoolchain/usr/bin/strip -resolve-src-symlinks /tmp/cuadrao-apple-name-xcode/Build/Products/Debug-iphonesimulator/GTMSessionFetcher_GTMSessionFetcherCore.bundle /tmp/cuadrao-apple-name-xcode/Build/Products/Debug-iphonesimulator/ArgusFoundation.app

Copy /tmp/cuadrao-apple-name-xcode/Build/Products/Debug-iphonesimulator/ArgusFoundation.app/GTMAppAuth_GTMAppAuth.bundle /tmp/cuadrao-apple-name-xcode/Build/Products/Debug-iphonesimulator/GTMAppAuth_GTMAppAuth.bundle (in target 'ArgusFoundation' from project 'ArgusFoundation')
    cd /tmp/cuadrao-apple-name-independent/ios
    builtin-copy -exclude .DS_Store -exclude CVS -exclude .svn -exclude .git -exclude .hg -strip-unsigned-binaries -strip-deterministic -strip-tool /Applications/Xcode.app/Contents/Developer/Toolchains/XcodeDefault.xctoolchain/usr/bin/strip -resolve-src-symlinks /tmp/cuadrao-apple-name-xcode/Build/Products/Debug-iphonesimulator/GTMAppAuth_GTMAppAuth.bundle /tmp/cuadrao-apple-name-xcode/Build/Products/Debug-iphonesimulator/ArgusFoundation.app

Copy /tmp/cuadrao-apple-name-xcode/Build/Products/Debug-iphonesimulator/ArgusFoundation.app/AppAuth_AppAuthCore.bundle /tmp/cuadrao-apple-name-xcode/Build/Products/Debug-iphonesimulator/AppAuth_AppAuthCore.bundle (in target 'ArgusFoundation' from project 'ArgusFoundation')
    cd /tmp/cuadrao-apple-name-independent/ios
    builtin-copy -exclude .DS_Store -exclude CVS -exclude .svn -exclude .git -exclude .hg -strip-unsigned-binaries -strip-deterministic -strip-tool /Applications/Xcode.app/Contents/Developer/Toolchains/XcodeDefault.xctoolchain/usr/bin/strip -resolve-src-symlinks /tmp/cuadrao-apple-name-xcode/Build/Products/Debug-iphonesimulator/AppAuth_AppAuthCore.bundle /tmp/cuadrao-apple-name-xcode/Build/Products/Debug-iphonesimulator/ArgusFoundation.app

SwiftDriver ArgusFoundation normal arm64 com.apple.xcode.tools.swift.compiler (in target 'ArgusFoundation' from project 'ArgusFoundation')
    cd /tmp/cuadrao-apple-name-independent/ios
    builtin-SwiftDriver -- /Applications/Xcode.app/Contents/Developer/Toolchains/XcodeDefault.xctoolchain/usr/bin/swiftc -module-name ArgusFoundation -Onone @/tmp/cuadrao-apple-name-xcode/Build/Intermediates.noindex/ArgusFoundation.build/Debug-iphonesimulator/ArgusFoundation.build/Objects-normal/arm64/ArgusFoundation.SwiftFileList -DDEBUG -Xcc -fmodule-map-file\=/tmp/cuadrao-apple-name-xcode/Build/Intermediates.noindex/GeneratedModuleMaps-iphonesimulator/AppAuth.modulemap -Xcc -fmodule-map-file\=/tmp/cuadrao-apple-name-xcode/Build/Intermediates.noindex/GeneratedModuleMaps-iphonesimulator/AppAuthCore.modulemap -Xcc -fmodule-map-file\=/tmp/cuadrao-apple-session-xcode-packages/checkouts/promises/Sources/FBLPromises/include/module.modulemap -Xcc -fmodule-map-file\=/tmp/cuadrao-apple-name-xcode/Build/Intermediates.noindex/GeneratedModuleMaps-iphonesimulator/GoogleUtilities-Logger.modulemap -Xcc -fmodule-map-file\=/tmp/cuadrao-apple-name-xcode/Build/Intermediates.noindex/GeneratedModuleMaps-iphonesimulator/GoogleUtilities-Environment.modulemap -Xcc -fmodule-map-file\=/tmp/cuadrao-apple-name-xcode/Build/Intermediates.noindex/GeneratedModuleMaps-iphonesimulator/third-party-IsAppEncrypted.modulemap -Xcc -fmodule-map-file\=/tmp/cuadrao-apple-name-xcode/Build/Intermediates.noindex/GeneratedModuleMaps-iphonesimulator/GoogleUtilities-UserDefaults.modulemap -Xcc -fmodule-map-file\=/tmp/cuadrao-apple-name-xcode/Build/Intermediates.noindex/GeneratedModuleMaps-iphonesimulator/AppCheckCore.modulemap -Xcc -fmodule-map-file\=/tmp/cuadrao-apple-name-xcode/Build/Intermediates.noindex/GeneratedModuleMaps-iphonesimulator/GTMSessionFetcherCore.modulemap -Xcc -fmodule-map-file\=/tmp/cuadrao-apple-name-xcode/Build/Intermediates.noindex/GeneratedModuleMaps-iphonesimulator/GoogleSignIn.modulemap -enable-bare-slash-regex -enable-experimental-feature DebugDescriptionMacro -sdk /Applications/Xcode.app/Contents/Developer/Platforms/iPhoneSimulator.platform/Developer/SDKs/iPhoneSimulator27.0.sdk -target arm64-apple-ios17.0-simulator -g -module-cache-path /tmp/cuadrao-apple-name-xcode/ModuleCache.noindex -Xfrontend -serialize-debugging-options -enable-testing -index-store-path /tmp/cuadrao-apple-name-xcode/Index.noindex/DataStore -swift-version 5 -I /tmp/cuadrao-apple-name-xcode/Build/Products/Debug-iphonesimulator -F /tmp/cuadrao-apple-name-xcode/Build/Products/Debug-iphonesimulator/PackageFrameworks -F /tmp/cuadrao-apple-name-xcode/Build/Products/Debug-iphonesimulator -c -j18 -enable-batch-mode -incremental -Xcc -ivfsstatcache -Xcc /tmp/cuadrao-apple-name-xcode/SDKStatCaches.noindex/iphonesimulator27.0-24A430-8dc58220667be655e1bcc261a7455254.sdkstatcache -output-file-map /tmp/cuadrao-apple-name-xcode/Build/Intermediates.noindex/ArgusFoundation.build/Debug-iphonesimulator/ArgusFoundation.build/Objects-normal/arm64/ArgusFoundation-OutputFileMap.json -save-temps -no-color-diagnostics -explicit-module-build -module-cache-path /tmp/cuadrao-apple-name-xcode/Build/Intermediates.noindex/SwiftExplicitPrecompiledModules -clang-scanner-module-cache-path /tmp/cuadrao-apple-name-xcode/ModuleCache.noindex -sdk-module-cache-path /tmp/cuadrao-apple-name-xcode/SDKExplicitPrecompiledModules -emit-dependencies -emit-module -emit-module-path /tmp/cuadrao-apple-name-xcode/Build/Intermediates.noindex/ArgusFoundation.build/Debug-iphonesimulator/ArgusFoundation.build/Objects-normal/arm64/ArgusFoundation.swiftmodule -serialize-diagnostics -dependency-scan-serialize-diagnostics-path /tmp/cuadrao-apple-name-xcode/Build/Intermediates.noindex/ArgusFoundation.build/Debug-iphonesimulator/ArgusFoundation.build/Objects-normal/arm64/ArgusFoundation-dependency-scan.dia -validate-clang-modules-once -clang-build-session-file /tmp/cuadrao-apple-name-xcode/ModuleCache.noindex/Session.modulevalidation -Xcc -fmodules-prune-interval\=86400 -Xcc -fmodules-prune-after\=345600 -emit-const-values -const-gather-protocols-list /tmp/cuadrao-apple-name-xcode/Build/Intermediates.noindex/ArgusFoundation.build/Debug-iphonesimulator/ArgusFoundation.build/Objects-normal/arm64/ArgusFoundation_const_extract_protocols.json -Xcc -iquote -Xcc /tmp/cuadrao-apple-name-xcode/Build/Intermediates.noindex/ArgusFoundation.build/Debug-iphonesimulator/ArgusFoundation.build/ArgusFoundation-generated-files.hmap -Xcc -I/tmp/cuadrao-apple-name-xcode/Build/Intermediates.noindex/ArgusFoundation.build/Debug-iphonesimulator/ArgusFoundation.build/ArgusFoundation-own-target-headers.hmap -Xcc -I/tmp/cuadrao-apple-name-xcode/Build/Intermediates.noindex/ArgusFoundation.build/Debug-iphonesimulator/ArgusFoundation.build/ArgusFoundation-all-non-framework-target-headers.hmap -Xcc -ivfsoverlay -Xcc /tmp/cuadrao-apple-name-xcode/Build/Intermediates.noindex/ArgusFoundation.build/Debug-iphonesimulator/ArgusFoundation-4b5f52643afcc14b6dbf13e25e651fe7-VFS-iphonesimulator/all-product-headers.yaml -Xcc -iquote -Xcc /tmp/cuadrao-apple-name-xcode/Build/Intermediates.noindex/ArgusFoundation.build/Debug-iphonesimulator/ArgusFoundation.build/ArgusFoundation-project-headers.hmap -Xcc -I/tmp/cuadrao-apple-session-xcode-packages/checkouts/AppAuth-iOS/Sources/AppAuth -Xcc -I/tmp/cuadrao-apple-session-xcode-packages/checkouts/AppAuth-iOS/Sources/AppAuthCore -Xcc -I/tmp/cuadrao-apple-session-xcode-packages/checkouts/promises/Sources/FBLPromises/include -Xcc -I/tmp/cuadrao-apple-session-xcode-packages/checkouts/GoogleUtilities/GoogleUtilities/Logger/Public -Xcc -I/tmp/cuadrao-apple-session-xcode-packages/checkouts/GoogleUtilities/GoogleUtilities/Environment/Public -Xcc -I/tmp/cuadrao-apple-session-xcode-packages/checkouts/GoogleUtilities/third_party/IsAppEncrypted/Public -Xcc -I/tmp/cuadrao-apple-session-xcode-packages/checkouts/GoogleUtilities/GoogleUtilities/UserDefaults/Public -Xcc -I/tmp/cuadrao-apple-session-xcode-packages/checkouts/app-check/AppCheckCore/Sources/Public -Xcc -I/tmp/cuadrao-apple-session-xcode-packages/checkouts/gtm-session-fetcher/Sources/Core/Public -Xcc -I/tmp/cuadrao-apple-session-xcode-packages/checkouts/GoogleSignIn-iOS/GoogleSignIn/Sources/Public -Xcc -I/tmp/cuadrao-apple-name-xcode/Build/Products/Debug-iphonesimulator/include -Xcc -I/tmp/cuadrao-apple-name-xcode/Build/Intermediates.noindex/ArgusFoundation.build/Debug-iphonesimulator/ArgusFoundation.build/DerivedSources-normal/arm64 -Xcc -I/tmp/cuadrao-apple-name-xcode/Build/Intermediates.noindex/ArgusFoundation.build/Debug-iphonesimulator/ArgusFoundation.build/DerivedSources/arm64 -Xcc -I/tmp/cuadrao-apple-name-xcode/Build/Intermediates.noindex/ArgusFoundation.build/Debug-iphonesimulator/ArgusFoundation.build/DerivedSources -emit-objc-header -emit-objc-header-path /tmp/cuadrao-apple-name-xcode/Build/Intermediates.noindex/ArgusFoundation.build/Debug-iphonesimulator/ArgusFoundation.build/Objects-normal/arm64/ArgusFoundation-Swift.h -working-directory /tmp/cuadrao-apple-name-independent/ios -experimental-emit-module-separately -disable-cmo

Copy /tmp/cuadrao-apple-name-xcode/Build/Products/Debug-iphonesimulator/ArgusFoundation.app/AppAuth_AppAuth.bundle /tmp/cuadrao-apple-name-xcode/Build/Products/Debug-iphonesimulator/AppAuth_AppAuth.bundle (in target 'ArgusFoundation' from project 'ArgusFoundation')
    cd /tmp/cuadrao-apple-name-independent/ios
    builtin-copy -exclude .DS_Store -exclude CVS -exclude .svn -exclude .git -exclude .hg -strip-unsigned-binaries -strip-deterministic -strip-tool /Applications/Xcode.app/Contents/Developer/Toolchains/XcodeDefault.xctoolchain/usr/bin/strip -resolve-src-symlinks /tmp/cuadrao-apple-name-xcode/Build/Products/Debug-iphonesimulator/AppAuth_AppAuth.bundle /tmp/cuadrao-apple-name-xcode/Build/Products/Debug-iphonesimulator/ArgusFoundation.app

Copy /tmp/cuadrao-apple-name-xcode/Build/Products/Debug-iphonesimulator/ArgusFoundation.app/GoogleSignIn_GoogleSignInSwift.bundle /tmp/cuadrao-apple-name-xcode/Build/Products/Debug-iphonesimulator/GoogleSignIn_GoogleSignInSwift.bundle (in target 'ArgusFoundation' from project 'ArgusFoundation')
    cd /tmp/cuadrao-apple-name-independent/ios
    builtin-copy -exclude .DS_Store -exclude CVS -exclude .svn -exclude .git -exclude .hg -strip-unsigned-binaries -strip-deterministic -strip-tool /Applications/Xcode.app/Contents/Developer/Toolchains/XcodeDefault.xctoolchain/usr/bin/strip -resolve-src-symlinks /tmp/cuadrao-apple-name-xcode/Build/Products/Debug-iphonesimulator/GoogleSignIn_GoogleSignInSwift.bundle /tmp/cuadrao-apple-name-xcode/Build/Products/Debug-iphonesimulator/ArgusFoundation.app

ProcessInfoPlistFile /tmp/cuadrao-apple-name-xcode/Build/Products/Debug-iphonesimulator/ArgusFoundation.app/Info.plist /tmp/cuadrao-apple-name-independent/ios/Config/Info.plist (in target 'ArgusFoundation' from project 'ArgusFoundation')
    cd /tmp/cuadrao-apple-name-independent/ios
    builtin-infoPlistUtility /tmp/cuadrao-apple-name-independent/ios/Config/Info.plist -producttype com.apple.product-type.application -genpkginfo /tmp/cuadrao-apple-name-xcode/Build/Products/Debug-iphonesimulator/ArgusFoundation.app/PkgInfo -expandbuildsettings -format binary -platform iphonesimulator -additionalcontentfile /tmp/cuadrao-apple-name-xcode/Build/Intermediates.noindex/ArgusFoundation.build/Debug-iphonesimulator/ArgusFoundation.build/assetcatalog_generated_info.plist -scanforprivacyfile /tmp/cuadrao-apple-name-xcode/Build/Products/Debug-iphonesimulator/ArgusFoundation.app/AppAuth_AppAuth.bundle -scanforprivacyfile /tmp/cuadrao-apple-name-xcode/Build/Products/Debug-iphonesimulator/ArgusFoundation.app/AppAuth_AppAuthCore.bundle -scanforprivacyfile /tmp/cuadrao-apple-name-xcode/Build/Products/Debug-iphonesimulator/ArgusFoundation.app/GTMAppAuth_GTMAppAuth.bundle -scanforprivacyfile /tmp/cuadrao-apple-name-xcode/Build/Products/Debug-iphonesimulator/ArgusFoundation.app/GTMSessionFetcher_GTMSessionFetcherCore.bundle -scanforprivacyfile /tmp/cuadrao-apple-name-xcode/Build/Products/Debug-iphonesimulator/ArgusFoundation.app/GoogleSignIn_GoogleSignIn.bundle -scanforprivacyfile /tmp/cuadrao-apple-name-xcode/Build/Products/Debug-iphonesimulator/ArgusFoundation.app/GoogleSignIn_GoogleSignInSwift.bundle -scanforprivacyfile /tmp/cuadrao-apple-name-xcode/Build/Products/Debug-iphonesimulator/ArgusFoundation.app/GoogleUtilities_GoogleUtilities-Environment.bundle -scanforprivacyfile /tmp/cuadrao-apple-name-xcode/Build/Products/Debug-iphonesimulator/ArgusFoundation.app/GoogleUtilities_GoogleUtilities-Logger.bundle -scanforprivacyfile /tmp/cuadrao-apple-name-xcode/Build/Products/Debug-iphonesimulator/ArgusFoundation.app/GoogleUtilities_GoogleUtilities-UserDefaults.bundle -scanforprivacyfile /tmp/cuadrao-apple-name-xcode/Build/Products/Debug-iphonesimulator/ArgusFoundation.app/Promises_FBLPromises.bundle -scanforprivacyfile /tmp/cuadrao-apple-name-xcode/Build/Products/Debug-iphonesimulator/ArgusFoundation.app/swift-crypto_Crypto.bundle -o /tmp/cuadrao-apple-name-xcode/Build/Products/Debug-iphonesimulator/ArgusFoundation.app/Info.plist

SwiftCompile normal arm64 Compiling\ CuadraoReceiptReview.swift,\ CuadraoReceiptStore.swift,\ CuadraoReceiptSupport.swift,\ CanvasDecimalInput.swift /tmp/cuadrao-apple-name-independent/ios/ArgusFoundation/Cuadrao/Receipts/CuadraoReceiptReview.swift /tmp/cuadrao-apple-name-independent/ios/ArgusFoundation/Cuadrao/Receipts/CuadraoReceiptStore.swift /tmp/cuadrao-apple-name-independent/ios/ArgusFoundation/Cuadrao/Receipts/CuadraoReceiptSupport.swift /tmp/cuadrao-apple-name-independent/ios/ArgusFoundation/Cuadrao/CanvasDecimalInput.swift (in target 'ArgusFoundation' from project 'ArgusFoundation')

SwiftCompile normal arm64 /tmp/cuadrao-apple-name-independent/ios/ArgusFoundation/Cuadrao/Receipts/CuadraoReceiptReview.swift (in target 'ArgusFoundation' from project 'ArgusFoundation')
    cd /tmp/cuadrao-apple-name-independent/ios
    builtin-SwiftPerFileCompile CuadraoReceiptReview.swift

SwiftCompile normal arm64 /tmp/cuadrao-apple-name-independent/ios/ArgusFoundation/Cuadrao/Receipts/CuadraoReceiptStore.swift (in target 'ArgusFoundation' from project 'ArgusFoundation')
    cd /tmp/cuadrao-apple-name-independent/ios
    builtin-SwiftPerFileCompile CuadraoReceiptStore.swift

SwiftCompile normal arm64 /tmp/cuadrao-apple-name-independent/ios/ArgusFoundation/Cuadrao/Receipts/CuadraoReceiptSupport.swift (in target 'ArgusFoundation' from project 'ArgusFoundation')
    cd /tmp/cuadrao-apple-name-independent/ios
    builtin-SwiftPerFileCompile CuadraoReceiptSupport.swift

SwiftCompile normal arm64 /tmp/cuadrao-apple-name-independent/ios/ArgusFoundation/Cuadrao/CanvasDecimalInput.swift (in target 'ArgusFoundation' from project 'ArgusFoundation')
    cd /tmp/cuadrao-apple-name-independent/ios
    builtin-SwiftPerFileCompile CanvasDecimalInput.swift

SwiftCompile normal arm64 Compiling\ ConnectedCuadraoAuth.swift,\ ConnectedCuadraoHome.swift,\ ConnectedCuadraoProfile.swift,\ ConnectedCuadraoRoot.swift /tmp/cuadrao-apple-name-independent/ios/ArgusFoundation/Connected/ConnectedCuadraoAuth.swift /tmp/cuadrao-apple-name-independent/ios/ArgusFoundation/Connected/ConnectedCuadraoHome.swift /tmp/cuadrao-apple-name-independent/ios/ArgusFoundation/Connected/ConnectedCuadraoProfile.swift /tmp/cuadrao-apple-name-independent/ios/ArgusFoundation/Connected/ConnectedCuadraoRoot.swift (in target 'ArgusFoundation' from project 'ArgusFoundation')

SwiftCompile normal arm64 /tmp/cuadrao-apple-name-independent/ios/ArgusFoundation/Connected/ConnectedCuadraoAuth.swift (in target 'ArgusFoundation' from project 'ArgusFoundation')
    cd /tmp/cuadrao-apple-name-independent/ios
    builtin-SwiftPerFileCompile ConnectedCuadraoAuth.swift

SwiftCompile normal arm64 /tmp/cuadrao-apple-name-independent/ios/ArgusFoundation/Connected/ConnectedCuadraoHome.swift (in target 'ArgusFoundation' from project 'ArgusFoundation')
    cd /tmp/cuadrao-apple-name-independent/ios
    builtin-SwiftPerFileCompile ConnectedCuadraoHome.swift

SwiftCompile normal arm64 /tmp/cuadrao-apple-name-independent/ios/ArgusFoundation/Connected/ConnectedCuadraoProfile.swift (in target 'ArgusFoundation' from project 'ArgusFoundation')
    cd /tmp/cuadrao-apple-name-independent/ios
    builtin-SwiftPerFileCompile ConnectedCuadraoProfile.swift

SwiftCompile normal arm64 /tmp/cuadrao-apple-name-independent/ios/ArgusFoundation/Connected/ConnectedCuadraoRoot.swift (in target 'ArgusFoundation' from project 'ArgusFoundation')
    cd /tmp/cuadrao-apple-name-independent/ios
    builtin-SwiftPerFileCompile ConnectedCuadraoRoot.swift

/tmp/cuadrao-apple-name-independent/ios/ArgusFoundation/Connected/ConnectedCuadraoRoot.swift:32:63: warning: 'weak' ownership of capture 'auth' differs from implicitly-captured strong reference in outer scope [#ImplicitStrongCapture]
30 |         }
31 |         .invitationLinks(auth.invitations)
32 |         .onAppear { auth.invitations?.openHousehold = { [weak auth] input in await auth?.household?.beginJoin(input) == true } }
   |                   |                                           |- warning: 'weak' ownership of capture 'auth' differs from implicitly-captured strong reference in outer scope [#ImplicitStrongCapture]
   |                   |                                           `- note: explicitly assign the capture list item to silence
   |                   |- note: 'auth' implicitly strongly captured here
   |                   `- note: add 'auth' as a capture list item to silence
33 |     }
34 | }

[#ImplicitStrongCapture]: <https://docs.swift.org/compiler/documentation/diagnostics/implicit-strong-capture>
SwiftCompile normal arm64 Compiling\ AccountActivityView.swift,\ AccountEntry.swift,\ AccountForm.swift,\ AccountsModel.swift,\ AccountsView.swift /tmp/cuadrao-apple-name-independent/ios/ArgusFoundation/Accounts/AccountActivityView.swift /tmp/cuadrao-apple-name-independent/ios/ArgusFoundation/Accounts/AccountEntry.swift /tmp/cuadrao-apple-name-independent/ios/ArgusFoundation/Accounts/AccountForm.swift /tmp/cuadrao-apple-name-independent/ios/ArgusFoundation/Accounts/AccountsModel.swift /tmp/cuadrao-apple-name-independent/ios/ArgusFoundation/Accounts/AccountsView.swift (in target 'ArgusFoundation' from project 'ArgusFoundation')

SwiftCompile normal arm64 /tmp/cuadrao-apple-name-independent/ios/ArgusFoundation/Accounts/AccountActivityView.swift (in target 'ArgusFoundation' from project 'ArgusFoundation')
    cd /tmp/cuadrao-apple-name-independent/ios
    builtin-SwiftPerFileCompile AccountActivityView.swift

SwiftCompile normal arm64 /tmp/cuadrao-apple-name-independent/ios/ArgusFoundation/Accounts/AccountEntry.swift (in target 'ArgusFoundation' from project 'ArgusFoundation')
    cd /tmp/cuadrao-apple-name-independent/ios
    builtin-SwiftPerFileCompile AccountEntry.swift

SwiftCompile normal arm64 /tmp/cuadrao-apple-name-independent/ios/ArgusFoundation/Accounts/AccountForm.swift (in target 'ArgusFoundation' from project 'ArgusFoundation')
    cd /tmp/cuadrao-apple-name-independent/ios
    builtin-SwiftPerFileCompile AccountForm.swift

SwiftCompile normal arm64 /tmp/cuadrao-apple-name-independent/ios/ArgusFoundation/Accounts/AccountsModel.swift (in target 'ArgusFoundation' from project 'ArgusFoundation')
    cd /tmp/cuadrao-apple-name-independent/ios
    builtin-SwiftPerFileCompile AccountsModel.swift

SwiftCompile normal arm64 /tmp/cuadrao-apple-name-independent/ios/ArgusFoundation/Accounts/AccountsView.swift (in target 'ArgusFoundation' from project 'ArgusFoundation')
    cd /tmp/cuadrao-apple-name-independent/ios
    builtin-SwiftPerFileCompile AccountsView.swift

SwiftCompile normal arm64 Compiling\ AssetDetailView.swift,\ FinancialActivityEditor.swift,\ FinancialActivityEditorView.swift,\ FinancialAssetEditor.swift,\ FinancialEditorView.swift /tmp/cuadrao-apple-name-independent/ios/ArgusFoundation/Accounts/AssetDetailView.swift /tmp/cuadrao-apple-name-independent/ios/ArgusFoundation/Accounts/FinancialActivityEditor.swift /tmp/cuadrao-apple-name-independent/ios/ArgusFoundation/Accounts/FinancialActivityEditorView.swift /tmp/cuadrao-apple-name-independent/ios/ArgusFoundation/Accounts/FinancialAssetEditor.swift /tmp/cuadrao-apple-name-independent/ios/ArgusFoundation/Accounts/FinancialEditorView.swift (in target 'ArgusFoundation' from project 'ArgusFoundation')

SwiftCompile normal arm64 /tmp/cuadrao-apple-name-independent/ios/ArgusFoundation/Accounts/AssetDetailView.swift (in target 'ArgusFoundation' from project 'ArgusFoundation')
    cd /tmp/cuadrao-apple-name-independent/ios
    builtin-SwiftPerFileCompile AssetDetailView.swift

SwiftCompile normal arm64 /tmp/cuadrao-apple-name-independent/ios/ArgusFoundation/Accounts/FinancialActivityEditor.swift (in target 'ArgusFoundation' from project 'ArgusFoundation')
    cd /tmp/cuadrao-apple-name-independent/ios
    builtin-SwiftPerFileCompile FinancialActivityEditor.swift

SwiftCompile normal arm64 /tmp/cuadrao-apple-name-independent/ios/ArgusFoundation/Accounts/FinancialActivityEditorView.swift (in target 'ArgusFoundation' from project 'ArgusFoundation')
    cd /tmp/cuadrao-apple-name-independent/ios
    builtin-SwiftPerFileCompile FinancialActivityEditorView.swift

SwiftCompile normal arm64 /tmp/cuadrao-apple-name-independent/ios/ArgusFoundation/Accounts/FinancialAssetEditor.swift (in target 'ArgusFoundation' from project 'ArgusFoundation')
    cd /tmp/cuadrao-apple-name-independent/ios
    builtin-SwiftPerFileCompile FinancialAssetEditor.swift

SwiftCompile normal arm64 /tmp/cuadrao-apple-name-independent/ios/ArgusFoundation/Accounts/FinancialEditorView.swift (in target 'ArgusFoundation' from project 'ArgusFoundation')
    cd /tmp/cuadrao-apple-name-independent/ios
    builtin-SwiftPerFileCompile FinancialEditorView.swift

SwiftCompile normal arm64 Compiling\ CuadraoFeedbackPage.swift,\ CuadraoFirstAccountSheet.swift,\ CuadraoFirstReleaseSignIn.swift,\ CuadraoFormKeyboard.swift /tmp/cuadrao-apple-name-independent/ios/ArgusFoundation/Cuadrao/CuadraoFeedbackPage.swift /tmp/cuadrao-apple-name-independent/ios/ArgusFoundation/Cuadrao/CuadraoFirstAccountSheet.swift /tmp/cuadrao-apple-name-independent/ios/ArgusFoundation/Cuadrao/CuadraoFirstReleaseSignIn.swift /tmp/cuadrao-apple-name-independent/ios/ArgusFoundation/Cuadrao/CuadraoFormKeyboard.swift (in target 'ArgusFoundation' from project 'ArgusFoundation')

SwiftCompile normal arm64 /tmp/cuadrao-apple-name-independent/ios/ArgusFoundation/Cuadrao/CuadraoFeedbackPage.swift (in target 'ArgusFoundation' from project 'ArgusFoundation')
    cd /tmp/cuadrao-apple-name-independent/ios
    builtin-SwiftPerFileCompile CuadraoFeedbackPage.swift

SwiftCompile normal arm64 /tmp/cuadrao-apple-name-independent/ios/ArgusFoundation/Cuadrao/CuadraoFirstAccountSheet.swift (in target 'ArgusFoundation' from project 'ArgusFoundation')
    cd /tmp/cuadrao-apple-name-independent/ios
    builtin-SwiftPerFileCompile CuadraoFirstAccountSheet.swift

SwiftCompile normal arm64 /tmp/cuadrao-apple-name-independent/ios/ArgusFoundation/Cuadrao/CuadraoFirstReleaseSignIn.swift (in target 'ArgusFoundation' from project 'ArgusFoundation')
    cd /tmp/cuadrao-apple-name-independent/ios
    builtin-SwiftPerFileCompile CuadraoFirstReleaseSignIn.swift

SwiftCompile normal arm64 /tmp/cuadrao-apple-name-independent/ios/ArgusFoundation/Cuadrao/CuadraoFormKeyboard.swift (in target 'ArgusFoundation' from project 'ArgusFoundation')
    cd /tmp/cuadrao-apple-name-independent/ios
    builtin-SwiftPerFileCompile CuadraoFormKeyboard.swift

SwiftCompile normal arm64 Compiling\ CuadraoHomeBalanceChart.swift,\ CuadraoHomeCanvas.swift,\ CuadraoHomeDistribution.swift,\ CuadraoHomeEmptyState.swift /tmp/cuadrao-apple-name-independent/ios/ArgusFoundation/Cuadrao/CuadraoHomeBalanceChart.swift /tmp/cuadrao-apple-name-independent/ios/ArgusFoundation/Cuadrao/CuadraoHomeCanvas.swift /tmp/cuadrao-apple-name-independent/ios/ArgusFoundation/Cuadrao/CuadraoHomeDistribution.swift /tmp/cuadrao-apple-name-independent/ios/ArgusFoundation/Cuadrao/CuadraoHomeEmptyState.swift (in target 'ArgusFoundation' from project 'ArgusFoundation')

SwiftCompile normal arm64 /tmp/cuadrao-apple-name-independent/ios/ArgusFoundation/Cuadrao/CuadraoHomeBalanceChart.swift (in target 'ArgusFoundation' from project 'ArgusFoundation')
    cd /tmp/cuadrao-apple-name-independent/ios
    builtin-SwiftPerFileCompile CuadraoHomeBalanceChart.swift

SwiftCompile normal arm64 /tmp/cuadrao-apple-name-independent/ios/ArgusFoundation/Cuadrao/CuadraoHomeCanvas.swift (in target 'ArgusFoundation' from project 'ArgusFoundation')
    cd /tmp/cuadrao-apple-name-independent/ios
    builtin-SwiftPerFileCompile CuadraoHomeCanvas.swift

SwiftCompile normal arm64 /tmp/cuadrao-apple-name-independent/ios/ArgusFoundation/Cuadrao/CuadraoHomeDistribution.swift (in target 'ArgusFoundation' from project 'ArgusFoundation')
    cd /tmp/cuadrao-apple-name-independent/ios
    builtin-SwiftPerFileCompile CuadraoHomeDistribution.swift

SwiftCompile normal arm64 /tmp/cuadrao-apple-name-independent/ios/ArgusFoundation/Cuadrao/CuadraoHomeEmptyState.swift (in target 'ArgusFoundation' from project 'ArgusFoundation')
    cd /tmp/cuadrao-apple-name-independent/ios
    builtin-SwiftPerFileCompile CuadraoHomeEmptyState.swift

SwiftCompile normal arm64 Compiling\ CuadraoScrollChrome.swift,\ CuadraoSearchCanvas.swift,\ CuadraoSearchReferences.swift,\ CuadraoSpaceSelector.swift /tmp/cuadrao-apple-name-independent/ios/ArgusFoundation/Cuadrao/CuadraoScrollChrome.swift /tmp/cuadrao-apple-name-independent/ios/ArgusFoundation/Cuadrao/CuadraoSearchCanvas.swift /tmp/cuadrao-apple-name-independent/ios/ArgusFoundation/Cuadrao/CuadraoSearchReferences.swift /tmp/cuadrao-apple-name-independent/ios/ArgusFoundation/Cuadrao/CuadraoSpaceSelector.swift (in target 'ArgusFoundation' from project 'ArgusFoundation')

SwiftCompile normal arm64 /tmp/cuadrao-apple-name-independent/ios/ArgusFoundation/Cuadrao/CuadraoScrollChrome.swift (in target 'ArgusFoundation' from project 'ArgusFoundation')
    cd /tmp/cuadrao-apple-name-independent/ios
    builtin-SwiftPerFileCompile CuadraoScrollChrome.swift

SwiftCompile normal arm64 /tmp/cuadrao-apple-name-independent/ios/ArgusFoundation/Cuadrao/CuadraoSearchCanvas.swift (in target 'ArgusFoundation' from project 'ArgusFoundation')
    cd /tmp/cuadrao-apple-name-independent/ios
    builtin-SwiftPerFileCompile CuadraoSearchCanvas.swift

SwiftCompile normal arm64 /tmp/cuadrao-apple-name-independent/ios/ArgusFoundation/Cuadrao/CuadraoSearchReferences.swift (in target 'ArgusFoundation' from project 'ArgusFoundation')
    cd /tmp/cuadrao-apple-name-independent/ios
    builtin-SwiftPerFileCompile CuadraoSearchReferences.swift

SwiftCompile normal arm64 /tmp/cuadrao-apple-name-independent/ios/ArgusFoundation/Cuadrao/CuadraoSpaceSelector.swift (in target 'ArgusFoundation' from project 'ArgusFoundation')
    cd /tmp/cuadrao-apple-name-independent/ios
    builtin-SwiftPerFileCompile CuadraoSpaceSelector.swift

SwiftCompile normal arm64 Compiling\ CanvasMoney.swift,\ CanvasMoneyValueInput.swift,\ CuadraoAccountCanvas.swift,\ CuadraoAccountDetail.swift /tmp/cuadrao-apple-name-independent/ios/ArgusFoundation/Cuadrao/CanvasMoney.swift /tmp/cuadrao-apple-name-independent/ios/ArgusFoundation/Cuadrao/CanvasMoneyValueInput.swift /tmp/cuadrao-apple-name-independent/ios/ArgusFoundation/Cuadrao/CuadraoAccountCanvas.swift /tmp/cuadrao-apple-name-independent/ios/ArgusFoundation/Cuadrao/CuadraoAccountDetail.swift (in target 'ArgusFoundation' from project 'ArgusFoundation')

SwiftCompile normal arm64 /tmp/cuadrao-apple-name-independent/ios/ArgusFoundation/Cuadrao/CanvasMoney.swift (in target 'ArgusFoundation' from project 'ArgusFoundation')
    cd /tmp/cuadrao-apple-name-independent/ios
    builtin-SwiftPerFileCompile CanvasMoney.swift

SwiftCompile normal arm64 /tmp/cuadrao-apple-name-independent/ios/ArgusFoundation/Cuadrao/CanvasMoneyValueInput.swift (in target 'ArgusFoundation' from project 'ArgusFoundation')
    cd /tmp/cuadrao-apple-name-independent/ios
    builtin-SwiftPerFileCompile CanvasMoneyValueInput.swift

SwiftCompile normal arm64 /tmp/cuadrao-apple-name-independent/ios/ArgusFoundation/Cuadrao/CuadraoAccountCanvas.swift (in target 'ArgusFoundation' from project 'ArgusFoundation')
    cd /tmp/cuadrao-apple-name-independent/ios
    builtin-SwiftPerFileCompile CuadraoAccountCanvas.swift

SwiftCompile normal arm64 /tmp/cuadrao-apple-name-independent/ios/ArgusFoundation/Cuadrao/CuadraoAccountDetail.swift (in target 'ArgusFoundation' from project 'ArgusFoundation')
    cd /tmp/cuadrao-apple-name-independent/ios
    builtin-SwiftPerFileCompile CuadraoAccountDetail.swift

SwiftCompile normal arm64 Compiling\ CuadraoSpacesPreview.swift,\ CuadraoSpacesSheet.swift,\ CuadraoSpendingChart.swift,\ CuadraoSpendingHighlights.swift /tmp/cuadrao-apple-name-independent/ios/ArgusFoundation/Cuadrao/CuadraoSpacesPreview.swift /tmp/cuadrao-apple-name-independent/ios/ArgusFoundation/Cuadrao/CuadraoSpacesSheet.swift /tmp/cuadrao-apple-name-independent/ios/ArgusFoundation/Cuadrao/CuadraoSpendingChart.swift /tmp/cuadrao-apple-name-independent/ios/ArgusFoundation/Cuadrao/CuadraoSpendingHighlights.swift (in target 'ArgusFoundation' from project 'ArgusFoundation')

SwiftCompile normal arm64 /tmp/cuadrao-apple-name-independent/ios/ArgusFoundation/Cuadrao/CuadraoSpacesPreview.swift (in target 'ArgusFoundation' from project 'ArgusFoundation')
    cd /tmp/cuadrao-apple-name-independent/ios
    builtin-SwiftPerFileCompile CuadraoSpacesPreview.swift

SwiftCompile normal arm64 /tmp/cuadrao-apple-name-independent/ios/ArgusFoundation/Cuadrao/CuadraoSpacesSheet.swift (in target 'ArgusFoundation' from project 'ArgusFoundation')
    cd /tmp/cuadrao-apple-name-independent/ios
    builtin-SwiftPerFileCompile CuadraoSpacesSheet.swift

SwiftCompile normal arm64 /tmp/cuadrao-apple-name-independent/ios/ArgusFoundation/Cuadrao/CuadraoSpendingChart.swift (in target 'ArgusFoundation' from project 'ArgusFoundation')
    cd /tmp/cuadrao-apple-name-independent/ios
    builtin-SwiftPerFileCompile CuadraoSpendingChart.swift

SwiftCompile normal arm64 /tmp/cuadrao-apple-name-independent/ios/ArgusFoundation/Cuadrao/CuadraoSpendingHighlights.swift (in target 'ArgusFoundation' from project 'ArgusFoundation')
    cd /tmp/cuadrao-apple-name-independent/ios
    builtin-SwiftPerFileCompile CuadraoSpendingHighlights.swift

SwiftCompile normal arm64 Compiling\ CuadraoAccountManagement.swift,\ CuadraoAccountModal.swift,\ CuadraoAccountsCollection.swift,\ CuadraoExpenseCategoryStyle.swift /tmp/cuadrao-apple-name-independent/ios/ArgusFoundation/Cuadrao/CuadraoAccountManagement.swift /tmp/cuadrao-apple-name-independent/ios/ArgusFoundation/Cuadrao/CuadraoAccountModal.swift /tmp/cuadrao-apple-name-independent/ios/ArgusFoundation/Cuadrao/CuadraoAccountsCollection.swift /tmp/cuadrao-apple-name-independent/ios/ArgusFoundation/Cuadrao/CuadraoExpenseCategoryStyle.swift (in target 'ArgusFoundation' from project 'ArgusFoundation')

SwiftCompile normal arm64 /tmp/cuadrao-apple-name-independent/ios/ArgusFoundation/Cuadrao/CuadraoAccountManagement.swift (in target 'ArgusFoundation' from project 'ArgusFoundation')
    cd /tmp/cuadrao-apple-name-independent/ios
    builtin-SwiftPerFileCompile CuadraoAccountManagement.swift

SwiftCompile normal arm64 /tmp/cuadrao-apple-name-independent/ios/ArgusFoundation/Cuadrao/CuadraoAccountModal.swift (in target 'ArgusFoundation' from project 'ArgusFoundation')
    cd /tmp/cuadrao-apple-name-independent/ios
    builtin-SwiftPerFileCompile CuadraoAccountModal.swift

SwiftCompile normal arm64 /tmp/cuadrao-apple-name-independent/ios/ArgusFoundation/Cuadrao/CuadraoAccountsCollection.swift (in target 'ArgusFoundation' from project 'ArgusFoundation')
    cd /tmp/cuadrao-apple-name-independent/ios
    builtin-SwiftPerFileCompile CuadraoAccountsCollection.swift

SwiftCompile normal arm64 /tmp/cuadrao-apple-name-independent/ios/ArgusFoundation/Cuadrao/CuadraoExpenseCategoryStyle.swift (in target 'ArgusFoundation' from project 'ArgusFoundation')
    cd /tmp/cuadrao-apple-name-independent/ios
    builtin-SwiftPerFileCompile CuadraoExpenseCategoryStyle.swift

SwiftCompile normal arm64 Compiling\ HouseholdPlanViews.swift,\ HouseholdViews.swift,\ InvitationsHarness.swift,\ InvitationsModel.swift /tmp/cuadrao-apple-name-independent/ios/ArgusFoundation/Household/HouseholdPlanViews.swift /tmp/cuadrao-apple-name-independent/ios/ArgusFoundation/Household/HouseholdViews.swift /tmp/cuadrao-apple-name-independent/ios/ArgusFoundation/Invitations/InvitationsHarness.swift /tmp/cuadrao-apple-name-independent/ios/ArgusFoundation/Invitations/InvitationsModel.swift (in target 'ArgusFoundation' from project 'ArgusFoundation')

SwiftCompile normal arm64 /tmp/cuadrao-apple-name-independent/ios/ArgusFoundation/Household/HouseholdPlanViews.swift (in target 'ArgusFoundation' from project 'ArgusFoundation')
    cd /tmp/cuadrao-apple-name-independent/ios
    builtin-SwiftPerFileCompile HouseholdPlanViews.swift

SwiftCompile normal arm64 /tmp/cuadrao-apple-name-independent/ios/ArgusFoundation/Household/HouseholdViews.swift (in target 'ArgusFoundation' from project 'ArgusFoundation')
    cd /tmp/cuadrao-apple-name-independent/ios
    builtin-SwiftPerFileCompile HouseholdViews.swift

SwiftCompile normal arm64 /tmp/cuadrao-apple-name-independent/ios/ArgusFoundation/Invitations/InvitationsHarness.swift (in target 'ArgusFoundation' from project 'ArgusFoundation')
    cd /tmp/cuadrao-apple-name-independent/ios
    builtin-SwiftPerFileCompile InvitationsHarness.swift

SwiftCompile normal arm64 /tmp/cuadrao-apple-name-independent/ios/ArgusFoundation/Invitations/InvitationsModel.swift (in target 'ArgusFoundation' from project 'ArgusFoundation')
    cd /tmp/cuadrao-apple-name-independent/ios
    builtin-SwiftPerFileCompile InvitationsModel.swift

SwiftCompile normal arm64 Compiling\ HouseholdPlanActions.swift,\ HouseholdPlanDefinitionEditor.swift,\ HouseholdPlanModel.swift,\ HouseholdPlanPeople.swift /tmp/cuadrao-apple-name-independent/ios/ArgusFoundation/Household/HouseholdPlanActions.swift /tmp/cuadrao-apple-name-independent/ios/ArgusFoundation/Household/HouseholdPlanDefinitionEditor.swift /tmp/cuadrao-apple-name-independent/ios/ArgusFoundation/Household/HouseholdPlanModel.swift /tmp/cuadrao-apple-name-independent/ios/ArgusFoundation/Household/HouseholdPlanPeople.swift (in target 'ArgusFoundation' from project 'ArgusFoundation')

SwiftCompile normal arm64 /tmp/cuadrao-apple-name-independent/ios/ArgusFoundation/Household/HouseholdPlanActions.swift (in target 'ArgusFoundation' from project 'ArgusFoundation')
    cd /tmp/cuadrao-apple-name-independent/ios
    builtin-SwiftPerFileCompile HouseholdPlanActions.swift

SwiftCompile normal arm64 /tmp/cuadrao-apple-name-independent/ios/ArgusFoundation/Household/HouseholdPlanDefinitionEditor.swift (in target 'ArgusFoundation' from project 'ArgusFoundation')
    cd /tmp/cuadrao-apple-name-independent/ios
    builtin-SwiftPerFileCompile HouseholdPlanDefinitionEditor.swift

SwiftCompile normal arm64 /tmp/cuadrao-apple-name-independent/ios/ArgusFoundation/Household/HouseholdPlanModel.swift (in target 'ArgusFoundation' from project 'ArgusFoundation')
    cd /tmp/cuadrao-apple-name-independent/ios
    builtin-SwiftPerFileCompile HouseholdPlanModel.swift

SwiftCompile normal arm64 /tmp/cuadrao-apple-name-independent/ios/ArgusFoundation/Household/HouseholdPlanPeople.swift (in target 'ArgusFoundation' from project 'ArgusFoundation')
    cd /tmp/cuadrao-apple-name-independent/ios
    builtin-SwiftPerFileCompile HouseholdPlanPeople.swift

SwiftCompile normal arm64 Compiling\ FinancialComingUpView.swift,\ FinancialDebtForm.swift,\ FinancialDebtModel.swift,\ FinancialDebtView.swift /tmp/cuadrao-apple-name-independent/ios/ArgusFoundation/Plan/FinancialComingUpView.swift /tmp/cuadrao-apple-name-independent/ios/ArgusFoundation/Plan/FinancialDebtForm.swift /tmp/cuadrao-apple-name-independent/ios/ArgusFoundation/Plan/FinancialDebtModel.swift /tmp/cuadrao-apple-name-independent/ios/ArgusFoundation/Plan/FinancialDebtView.swift (in target 'ArgusFoundation' from project 'ArgusFoundation')

SwiftCompile normal arm64 /tmp/cuadrao-apple-name-independent/ios/ArgusFoundation/Plan/FinancialComingUpView.swift (in target 'ArgusFoundation' from project 'ArgusFoundation')
    cd /tmp/cuadrao-apple-name-independent/ios
    builtin-SwiftPerFileCompile FinancialComingUpView.swift

SwiftCompile normal arm64 /tmp/cuadrao-apple-name-independent/ios/ArgusFoundation/Plan/FinancialDebtForm.swift (in target 'ArgusFoundation' from project 'ArgusFoundation')
    cd /tmp/cuadrao-apple-name-independent/ios
    builtin-SwiftPerFileCompile FinancialDebtForm.swift

SwiftCompile normal arm64 /tmp/cuadrao-apple-name-independent/ios/ArgusFoundation/Plan/FinancialDebtModel.swift (in target 'ArgusFoundation' from project 'ArgusFoundation')
    cd /tmp/cuadrao-apple-name-independent/ios
    builtin-SwiftPerFileCompile FinancialDebtModel.swift

SwiftCompile normal arm64 /tmp/cuadrao-apple-name-independent/ios/ArgusFoundation/Plan/FinancialDebtView.swift (in target 'ArgusFoundation' from project 'ArgusFoundation')
    cd /tmp/cuadrao-apple-name-independent/ios
    builtin-SwiftPerFileCompile FinancialDebtView.swift

SwiftEmitModule normal arm64 Emitting\ module\ for\ ArgusFoundation (in target 'ArgusFoundation' from project 'ArgusFoundation')

SwiftCompile normal arm64 (in target 'ArgusFoundation' from project 'ArgusFoundation')
    cd /tmp/cuadrao-apple-name-independent/ios


SwiftCompile normal arm64 Compiling\ CuadraoHomeInsights.swift,\ CuadraoHomeLayout.swift,\ CuadraoRegistrationStyle.swift,\ CuadraoSampleData.swift /tmp/cuadrao-apple-name-independent/ios/ArgusFoundation/Cuadrao/CuadraoHomeInsights.swift /tmp/cuadrao-apple-name-independent/ios/ArgusFoundation/Cuadrao/CuadraoHomeLayout.swift /tmp/cuadrao-apple-name-independent/ios/ArgusFoundation/Cuadrao/CuadraoRegistrationStyle.swift /tmp/cuadrao-apple-name-independent/ios/ArgusFoundation/Cuadrao/CuadraoSampleData.swift (in target 'ArgusFoundation' from project 'ArgusFoundation')

SwiftCompile normal arm64 /tmp/cuadrao-apple-name-independent/ios/ArgusFoundation/Cuadrao/CuadraoHomeInsights.swift (in target 'ArgusFoundation' from project 'ArgusFoundation')
    cd /tmp/cuadrao-apple-name-independent/ios
    builtin-SwiftPerFileCompile CuadraoHomeInsights.swift

SwiftCompile normal arm64 /tmp/cuadrao-apple-name-independent/ios/ArgusFoundation/Cuadrao/CuadraoHomeLayout.swift (in target 'ArgusFoundation' from project 'ArgusFoundation')
    cd /tmp/cuadrao-apple-name-independent/ios
    builtin-SwiftPerFileCompile CuadraoHomeLayout.swift

SwiftCompile normal arm64 /tmp/cuadrao-apple-name-independent/ios/ArgusFoundation/Cuadrao/CuadraoRegistrationStyle.swift (in target 'ArgusFoundation' from project 'ArgusFoundation')
    cd /tmp/cuadrao-apple-name-independent/ios
    builtin-SwiftPerFileCompile CuadraoRegistrationStyle.swift

SwiftCompile normal arm64 /tmp/cuadrao-apple-name-independent/ios/ArgusFoundation/Cuadrao/CuadraoSampleData.swift (in target 'ArgusFoundation' from project 'ArgusFoundation')
    cd /tmp/cuadrao-apple-name-independent/ios
    builtin-SwiftPerFileCompile CuadraoSampleData.swift

SwiftCompile normal arm64 Compiling\ FinancialHomeView.swift,\ FinancialLoopModel.swift,\ AppleSessionHarness.swift,\ CaptchaChallengeView.swift /tmp/cuadrao-apple-name-independent/ios/ArgusFoundation/Accounts/FinancialHomeView.swift /tmp/cuadrao-apple-name-independent/ios/ArgusFoundation/Accounts/FinancialLoopModel.swift /tmp/cuadrao-apple-name-independent/ios/ArgusFoundation/Auth/AppleSessionHarness.swift /tmp/cuadrao-apple-name-independent/ios/ArgusFoundation/Auth/CaptchaChallengeView.swift (in target 'ArgusFoundation' from project 'ArgusFoundation')

SwiftCompile normal arm64 /tmp/cuadrao-apple-name-independent/ios/ArgusFoundation/Accounts/FinancialHomeView.swift (in target 'ArgusFoundation' from project 'ArgusFoundation')
    cd /tmp/cuadrao-apple-name-independent/ios
    builtin-SwiftPerFileCompile FinancialHomeView.swift

SwiftCompile normal arm64 /tmp/cuadrao-apple-name-independent/ios/ArgusFoundation/Accounts/FinancialLoopModel.swift (in target 'ArgusFoundation' from project 'ArgusFoundation')
    cd /tmp/cuadrao-apple-name-independent/ios
    builtin-SwiftPerFileCompile FinancialLoopModel.swift

SwiftCompile normal arm64 /tmp/cuadrao-apple-name-independent/ios/ArgusFoundation/Auth/AppleSessionHarness.swift (in target 'ArgusFoundation' from project 'ArgusFoundation')
    cd /tmp/cuadrao-apple-name-independent/ios
    builtin-SwiftPerFileCompile AppleSessionHarness.swift

SwiftCompile normal arm64 /tmp/cuadrao-apple-name-independent/ios/ArgusFoundation/Auth/CaptchaChallengeView.swift (in target 'ArgusFoundation' from project 'ArgusFoundation')
    cd /tmp/cuadrao-apple-name-independent/ios
    builtin-SwiftPerFileCompile CaptchaChallengeView.swift

SwiftCompile normal arm64 Compiling\ FinancialGoalActions.swift,\ FinancialGoalForm.swift,\ FinancialGoalModel.swift,\ FinancialGoalView.swift /tmp/cuadrao-apple-name-independent/ios/ArgusFoundation/Plan/FinancialGoalActions.swift /tmp/cuadrao-apple-name-independent/ios/ArgusFoundation/Plan/FinancialGoalForm.swift /tmp/cuadrao-apple-name-independent/ios/ArgusFoundation/Plan/FinancialGoalModel.swift /tmp/cuadrao-apple-name-independent/ios/ArgusFoundation/Plan/FinancialGoalView.swift (in target 'ArgusFoundation' from project 'ArgusFoundation')

SwiftCompile normal arm64 /tmp/cuadrao-apple-name-independent/ios/ArgusFoundation/Plan/FinancialGoalActions.swift (in target 'ArgusFoundation' from project 'ArgusFoundation')
    cd /tmp/cuadrao-apple-name-independent/ios
    builtin-SwiftPerFileCompile FinancialGoalActions.swift

SwiftCompile normal arm64 /tmp/cuadrao-apple-name-independent/ios/ArgusFoundation/Plan/FinancialGoalForm.swift (in target 'ArgusFoundation' from project 'ArgusFoundation')
    cd /tmp/cuadrao-apple-name-independent/ios
    builtin-SwiftPerFileCompile FinancialGoalForm.swift

SwiftCompile normal arm64 /tmp/cuadrao-apple-name-independent/ios/ArgusFoundation/Plan/FinancialGoalModel.swift (in target 'ArgusFoundation' from project 'ArgusFoundation')
    cd /tmp/cuadrao-apple-name-independent/ios
    builtin-SwiftPerFileCompile FinancialGoalModel.swift

SwiftCompile normal arm64 /tmp/cuadrao-apple-name-independent/ios/ArgusFoundation/Plan/FinancialGoalView.swift (in target 'ArgusFoundation' from project 'ArgusFoundation')
    cd /tmp/cuadrao-apple-name-independent/ios
    builtin-SwiftPerFileCompile FinancialGoalView.swift

SwiftCompile normal arm64 Compiling\ InvitationViews.swift,\ FinancialBudgetForm.swift,\ FinancialBudgetModel.swift,\ FinancialBudgetView.swift /tmp/cuadrao-apple-name-independent/ios/ArgusFoundation/Invitations/InvitationViews.swift /tmp/cuadrao-apple-name-independent/ios/ArgusFoundation/Plan/FinancialBudgetForm.swift /tmp/cuadrao-apple-name-independent/ios/ArgusFoundation/Plan/FinancialBudgetModel.swift /tmp/cuadrao-apple-name-independent/ios/ArgusFoundation/Plan/FinancialBudgetView.swift (in target 'ArgusFoundation' from project 'ArgusFoundation')

SwiftCompile normal arm64 /tmp/cuadrao-apple-name-independent/ios/ArgusFoundation/Invitations/InvitationViews.swift (in target 'ArgusFoundation' from project 'ArgusFoundation')
    cd /tmp/cuadrao-apple-name-independent/ios
    builtin-SwiftPerFileCompile InvitationViews.swift

SwiftCompile normal arm64 /tmp/cuadrao-apple-name-independent/ios/ArgusFoundation/Plan/FinancialBudgetForm.swift (in target 'ArgusFoundation' from project 'ArgusFoundation')
    cd /tmp/cuadrao-apple-name-independent/ios
    builtin-SwiftPerFileCompile FinancialBudgetForm.swift

SwiftCompile normal arm64 /tmp/cuadrao-apple-name-independent/ios/ArgusFoundation/Plan/FinancialBudgetModel.swift (in target 'ArgusFoundation' from project 'ArgusFoundation')
    cd /tmp/cuadrao-apple-name-independent/ios
    builtin-SwiftPerFileCompile FinancialBudgetModel.swift

SwiftCompile normal arm64 /tmp/cuadrao-apple-name-independent/ios/ArgusFoundation/Plan/FinancialBudgetView.swift (in target 'ArgusFoundation' from project 'ArgusFoundation')
    cd /tmp/cuadrao-apple-name-independent/ios
    builtin-SwiftPerFileCompile FinancialBudgetView.swift

SwiftCompile normal arm64 Compiling\ NativeAuthConfiguration.swift,\ NativeProviderSignIn.swift,\ ProfileAccountSection.swift,\ ProfileAuthModel.swift /tmp/cuadrao-apple-name-independent/ios/ArgusFoundation/Auth/NativeAuthConfiguration.swift /tmp/cuadrao-apple-name-independent/ios/ArgusFoundation/Auth/NativeProviderSignIn.swift /tmp/cuadrao-apple-name-independent/ios/ArgusFoundation/Auth/ProfileAccountSection.swift /tmp/cuadrao-apple-name-independent/ios/ArgusFoundation/Auth/ProfileAuthModel.swift (in target 'ArgusFoundation' from project 'ArgusFoundation')

SwiftCompile normal arm64 /tmp/cuadrao-apple-name-independent/ios/ArgusFoundation/Auth/NativeAuthConfiguration.swift (in target 'ArgusFoundation' from project 'ArgusFoundation')
    cd /tmp/cuadrao-apple-name-independent/ios
    builtin-SwiftPerFileCompile NativeAuthConfiguration.swift

SwiftCompile normal arm64 /tmp/cuadrao-apple-name-independent/ios/ArgusFoundation/Auth/NativeProviderSignIn.swift (in target 'ArgusFoundation' from project 'ArgusFoundation')
    cd /tmp/cuadrao-apple-name-independent/ios
    builtin-SwiftPerFileCompile NativeProviderSignIn.swift

SwiftCompile normal arm64 /tmp/cuadrao-apple-name-independent/ios/ArgusFoundation/Auth/ProfileAccountSection.swift (in target 'ArgusFoundation' from project 'ArgusFoundation')
    cd /tmp/cuadrao-apple-name-independent/ios
    builtin-SwiftPerFileCompile ProfileAccountSection.swift

SwiftCompile normal arm64 /tmp/cuadrao-apple-name-independent/ios/ArgusFoundation/Auth/ProfileAuthModel.swift (in target 'ArgusFoundation' from project 'ArgusFoundation')
    cd /tmp/cuadrao-apple-name-independent/ios
    builtin-SwiftPerFileCompile ProfileAuthModel.swift

SwiftDriverJobDiscovery normal arm64 Compiling CuadraoAccountManagement.swift, CuadraoAccountModal.swift, CuadraoAccountsCollection.swift, CuadraoExpenseCategoryStyle.swift (in target 'ArgusFoundation' from project 'ArgusFoundation')

SwiftCompile normal arm64 Compiling\ CuadraoActivityDetail.swift /tmp/cuadrao-apple-name-independent/ios/ArgusFoundation/Cuadrao/CuadraoActivityDetail.swift (in target 'ArgusFoundation' from project 'ArgusFoundation')

SwiftCompile normal arm64 /tmp/cuadrao-apple-name-independent/ios/ArgusFoundation/Cuadrao/CuadraoActivityDetail.swift (in target 'ArgusFoundation' from project 'ArgusFoundation')
    cd /tmp/cuadrao-apple-name-independent/ios
    builtin-SwiftPerFileCompile CuadraoActivityDetail.swift

SwiftDriverJobDiscovery normal arm64 Compiling CuadraoHomeInsights.swift, CuadraoHomeLayout.swift, CuadraoRegistrationStyle.swift, CuadraoSampleData.swift (in target 'ArgusFoundation' from project 'ArgusFoundation')

SwiftCompile normal arm64 Compiling\ CuadraoHouseholdSheet.swift /tmp/cuadrao-apple-name-independent/ios/ArgusFoundation/Cuadrao/CuadraoHouseholdSheet.swift (in target 'ArgusFoundation' from project 'ArgusFoundation')

SwiftCompile normal arm64 /tmp/cuadrao-apple-name-independent/ios/ArgusFoundation/Cuadrao/CuadraoHouseholdSheet.swift (in target 'ArgusFoundation' from project 'ArgusFoundation')
    cd /tmp/cuadrao-apple-name-independent/ios
    builtin-SwiftPerFileCompile CuadraoHouseholdSheet.swift

SwiftDriverJobDiscovery normal arm64 Compiling CuadraoFeedbackPage.swift, CuadraoFirstAccountSheet.swift, CuadraoFirstReleaseSignIn.swift, CuadraoFormKeyboard.swift (in target 'ArgusFoundation' from project 'ArgusFoundation')

SwiftCompile normal arm64 Compiling\ CuadraoTemporaryChatSettings.swift,\ CuadraoTypography.swift,\ CuadraoVoiceBar.swift,\ CuadraoVoiceEntry.swift,\ CuadraoVoiceMessagePanel.swift /tmp/cuadrao-apple-name-independent/ios/ArgusFoundation/Cuadrao/CuadraoTemporaryChatSettings.swift /tmp/cuadrao-apple-name-independent/ios/ArgusFoundation/Cuadrao/CuadraoTypography.swift /tmp/cuadrao-apple-name-independent/ios/ArgusFoundation/Cuadrao/CuadraoVoiceBar.swift /tmp/cuadrao-apple-name-independent/ios/ArgusFoundation/Cuadrao/CuadraoVoiceEntry.swift /tmp/cuadrao-apple-name-independent/ios/ArgusFoundation/Cuadrao/CuadraoVoiceMessagePanel.swift (in target 'ArgusFoundation' from project 'ArgusFoundation')

SwiftCompile normal arm64 /tmp/cuadrao-apple-name-independent/ios/ArgusFoundation/Cuadrao/CuadraoTemporaryChatSettings.swift (in target 'ArgusFoundation' from project 'ArgusFoundation')
    cd /tmp/cuadrao-apple-name-independent/ios
    builtin-SwiftPerFileCompile CuadraoTemporaryChatSettings.swift

SwiftCompile normal arm64 /tmp/cuadrao-apple-name-independent/ios/ArgusFoundation/Cuadrao/CuadraoTypography.swift (in target 'ArgusFoundation' from project 'ArgusFoundation')
    cd /tmp/cuadrao-apple-name-independent/ios
    builtin-SwiftPerFileCompile CuadraoTypography.swift

SwiftCompile normal arm64 /tmp/cuadrao-apple-name-independent/ios/ArgusFoundation/Cuadrao/CuadraoVoiceBar.swift (in target 'ArgusFoundation' from project 'ArgusFoundation')
    cd /tmp/cuadrao-apple-name-independent/ios
    builtin-SwiftPerFileCompile CuadraoVoiceBar.swift

SwiftCompile normal arm64 /tmp/cuadrao-apple-name-independent/ios/ArgusFoundation/Cuadrao/CuadraoVoiceEntry.swift (in target 'ArgusFoundation' from project 'ArgusFoundation')
    cd /tmp/cuadrao-apple-name-independent/ios
    builtin-SwiftPerFileCompile CuadraoVoiceEntry.swift

SwiftCompile normal arm64 /tmp/cuadrao-apple-name-independent/ios/ArgusFoundation/Cuadrao/CuadraoVoiceMessagePanel.swift (in target 'ArgusFoundation' from project 'ArgusFoundation')
    cd /tmp/cuadrao-apple-name-independent/ios
    builtin-SwiftPerFileCompile CuadraoVoiceMessagePanel.swift

SwiftDriverJobDiscovery normal arm64 Compiling CuadraoActivityDetail.swift (in target 'ArgusFoundation' from project 'ArgusFoundation')

SwiftCompile normal arm64 Compiling\ CuadraoBalancePeriod.swift,\ CuadraoBrand.swift,\ CuadraoChartControls.swift,\ CuadraoChartState.swift,\ CuadraoChartTouchSurface.swift /tmp/cuadrao-apple-name-independent/ios/ArgusFoundation/Cuadrao/CuadraoBalancePeriod.swift /tmp/cuadrao-apple-name-independent/ios/ArgusFoundation/Cuadrao/CuadraoBrand.swift /tmp/cuadrao-apple-name-independent/ios/ArgusFoundation/Cuadrao/CuadraoChartControls.swift /tmp/cuadrao-apple-name-independent/ios/ArgusFoundation/Cuadrao/CuadraoChartState.swift /tmp/cuadrao-apple-name-independent/ios/ArgusFoundation/Cuadrao/CuadraoChartTouchSurface.swift (in target 'ArgusFoundation' from project 'ArgusFoundation')

SwiftCompile normal arm64 /tmp/cuadrao-apple-name-independent/ios/ArgusFoundation/Cuadrao/CuadraoBalancePeriod.swift (in target 'ArgusFoundation' from project 'ArgusFoundation')
    cd /tmp/cuadrao-apple-name-independent/ios
    builtin-SwiftPerFileCompile CuadraoBalancePeriod.swift

SwiftCompile normal arm64 /tmp/cuadrao-apple-name-independent/ios/ArgusFoundation/Cuadrao/CuadraoBrand.swift (in target 'ArgusFoundation' from project 'ArgusFoundation')
    cd /tmp/cuadrao-apple-name-independent/ios
    builtin-SwiftPerFileCompile CuadraoBrand.swift

SwiftCompile normal arm64 /tmp/cuadrao-apple-name-independent/ios/ArgusFoundation/Cuadrao/CuadraoChartControls.swift (in target 'ArgusFoundation' from project 'ArgusFoundation')
    cd /tmp/cuadrao-apple-name-independent/ios
    builtin-SwiftPerFileCompile CuadraoChartControls.swift

SwiftCompile normal arm64 /tmp/cuadrao-apple-name-independent/ios/ArgusFoundation/Cuadrao/CuadraoChartState.swift (in target 'ArgusFoundation' from project 'ArgusFoundation')
    cd /tmp/cuadrao-apple-name-independent/ios
    builtin-SwiftPerFileCompile CuadraoChartState.swift

SwiftCompile normal arm64 /tmp/cuadrao-apple-name-independent/ios/ArgusFoundation/Cuadrao/CuadraoChartTouchSurface.swift (in target 'ArgusFoundation' from project 'ArgusFoundation')
    cd /tmp/cuadrao-apple-name-independent/ios
    builtin-SwiftPerFileCompile CuadraoChartTouchSurface.swift

SwiftDriverJobDiscovery normal arm64 Compiling FinancialComingUpView.swift, FinancialDebtForm.swift, FinancialDebtModel.swift, FinancialDebtView.swift (in target 'ArgusFoundation' from project 'ArgusFoundation')

SwiftCompile normal arm64 Compiling\ ReleaseNotificationPreferences.swift,\ ReleaseUpdateModels.swift,\ ReleaseUpdatesGallery.swift,\ ReleaseUpdatesInbox.swift /tmp/cuadrao-apple-name-independent/ios/ArgusFoundation/ReleaseUI/Updates/ReleaseNotificationPreferences.swift /tmp/cuadrao-apple-name-independent/ios/ArgusFoundation/ReleaseUI/Updates/ReleaseUpdateModels.swift /tmp/cuadrao-apple-name-independent/ios/ArgusFoundation/ReleaseUI/Updates/ReleaseUpdatesGallery.swift /tmp/cuadrao-apple-name-independent/ios/ArgusFoundation/ReleaseUI/Updates/ReleaseUpdatesInbox.swift (in target 'ArgusFoundation' from project 'ArgusFoundation')

SwiftCompile normal arm64 /tmp/cuadrao-apple-name-independent/ios/ArgusFoundation/ReleaseUI/Updates/ReleaseNotificationPreferences.swift (in target 'ArgusFoundation' from project 'ArgusFoundation')
    cd /tmp/cuadrao-apple-name-independent/ios
    builtin-SwiftPerFileCompile ReleaseNotificationPreferences.swift

SwiftCompile normal arm64 /tmp/cuadrao-apple-name-independent/ios/ArgusFoundation/ReleaseUI/Updates/ReleaseUpdateModels.swift (in target 'ArgusFoundation' from project 'ArgusFoundation')
    cd /tmp/cuadrao-apple-name-independent/ios
    builtin-SwiftPerFileCompile ReleaseUpdateModels.swift

SwiftCompile normal arm64 /tmp/cuadrao-apple-name-independent/ios/ArgusFoundation/ReleaseUI/Updates/ReleaseUpdatesGallery.swift (in target 'ArgusFoundation' from project 'ArgusFoundation')
    cd /tmp/cuadrao-apple-name-independent/ios
    builtin-SwiftPerFileCompile ReleaseUpdatesGallery.swift

SwiftCompile normal arm64 /tmp/cuadrao-apple-name-independent/ios/ArgusFoundation/ReleaseUI/Updates/ReleaseUpdatesInbox.swift (in target 'ArgusFoundation' from project 'ArgusFoundation')
    cd /tmp/cuadrao-apple-name-independent/ios
    builtin-SwiftPerFileCompile ReleaseUpdatesInbox.swift

SwiftDriverJobDiscovery normal arm64 Compiling CuadraoHouseholdSheet.swift (in target 'ArgusFoundation' from project 'ArgusFoundation')

SwiftCompile normal arm64 Compiling\ HouseholdContributionEditor.swift,\ HouseholdInvitationOutcome.swift,\ HouseholdManagement.swift,\ HouseholdModel.swift,\ FinancialPlanForms.swift /tmp/cuadrao-apple-name-independent/ios/ArgusFoundation/Household/HouseholdContributionEditor.swift /tmp/cuadrao-apple-name-independent/ios/ArgusFoundation/Household/HouseholdInvitationOutcome.swift /tmp/cuadrao-apple-name-independent/ios/ArgusFoundation/Household/HouseholdManagement.swift /tmp/cuadrao-apple-name-independent/ios/ArgusFoundation/Household/HouseholdModel.swift /tmp/cuadrao-apple-name-independent/ios/ArgusFoundation/Plan/FinancialPlanForms.swift (in target 'ArgusFoundation' from project 'ArgusFoundation')

SwiftCompile normal arm64 /tmp/cuadrao-apple-name-independent/ios/ArgusFoundation/Household/HouseholdContributionEditor.swift (in target 'ArgusFoundation' from project 'ArgusFoundation')
    cd /tmp/cuadrao-apple-name-independent/ios
    builtin-SwiftPerFileCompile HouseholdContributionEditor.swift

SwiftCompile normal arm64 /tmp/cuadrao-apple-name-independent/ios/ArgusFoundation/Household/HouseholdInvitationOutcome.swift (in target 'ArgusFoundation' from project 'ArgusFoundation')
    cd /tmp/cuadrao-apple-name-independent/ios
    builtin-SwiftPerFileCompile HouseholdInvitationOutcome.swift

SwiftCompile normal arm64 /tmp/cuadrao-apple-name-independent/ios/ArgusFoundation/Household/HouseholdManagement.swift (in target 'ArgusFoundation' from project 'ArgusFoundation')
    cd /tmp/cuadrao-apple-name-independent/ios
    builtin-SwiftPerFileCompile HouseholdManagement.swift

SwiftCompile normal arm64 /tmp/cuadrao-apple-name-independent/ios/ArgusFoundation/Household/HouseholdModel.swift (in target 'ArgusFoundation' from project 'ArgusFoundation')
    cd /tmp/cuadrao-apple-name-independent/ios
    builtin-SwiftPerFileCompile HouseholdModel.swift

SwiftCompile normal arm64 /tmp/cuadrao-apple-name-independent/ios/ArgusFoundation/Plan/FinancialPlanForms.swift (in target 'ArgusFoundation' from project 'ArgusFoundation')
    cd /tmp/cuadrao-apple-name-independent/ios
    builtin-SwiftPerFileCompile FinancialPlanForms.swift

SwiftDriverJobDiscovery normal arm64 Compiling CanvasMoney.swift, CanvasMoneyValueInput.swift, CuadraoAccountCanvas.swift, CuadraoAccountDetail.swift (in target 'ArgusFoundation' from project 'ArgusFoundation')

SwiftCompile normal arm64 Compiling\ CuadraoReceipt.swift /tmp/cuadrao-apple-name-independent/ios/ArgusFoundation/Cuadrao/Receipts/CuadraoReceipt.swift (in target 'ArgusFoundation' from project 'ArgusFoundation')

SwiftCompile normal arm64 /tmp/cuadrao-apple-name-independent/ios/ArgusFoundation/Cuadrao/Receipts/CuadraoReceipt.swift (in target 'ArgusFoundation' from project 'ArgusFoundation')
    cd /tmp/cuadrao-apple-name-independent/ios
    builtin-SwiftPerFileCompile CuadraoReceipt.swift

SwiftDriverJobDiscovery normal arm64 Compiling InvitationViews.swift, FinancialBudgetForm.swift, FinancialBudgetModel.swift, FinancialBudgetView.swift (in target 'ArgusFoundation' from project 'ArgusFoundation')

SwiftCompile normal arm64 Compiling\ ReleaseUIReview.swift,\ FinancialSearchModel.swift,\ FinancialSearchView.swift,\ ArgusFoundationApp.swift /tmp/cuadrao-apple-name-independent/ios/ArgusFoundation/ReleaseUI/ReleaseUIReview.swift /tmp/cuadrao-apple-name-independent/ios/ArgusFoundation/Search/FinancialSearchModel.swift /tmp/cuadrao-apple-name-independent/ios/ArgusFoundation/Search/FinancialSearchView.swift /tmp/cuadrao-apple-name-independent/ios/ArgusFoundation/ArgusFoundationApp.swift (in target 'ArgusFoundation' from project 'ArgusFoundation')

SwiftCompile normal arm64 /tmp/cuadrao-apple-name-independent/ios/ArgusFoundation/ReleaseUI/ReleaseUIReview.swift (in target 'ArgusFoundation' from project 'ArgusFoundation')
    cd /tmp/cuadrao-apple-name-independent/ios
    builtin-SwiftPerFileCompile ReleaseUIReview.swift

SwiftCompile normal arm64 /tmp/cuadrao-apple-name-independent/ios/ArgusFoundation/Search/FinancialSearchModel.swift (in target 'ArgusFoundation' from project 'ArgusFoundation')
    cd /tmp/cuadrao-apple-name-independent/ios
    builtin-SwiftPerFileCompile FinancialSearchModel.swift

SwiftCompile normal arm64 /tmp/cuadrao-apple-name-independent/ios/ArgusFoundation/Search/FinancialSearchView.swift (in target 'ArgusFoundation' from project 'ArgusFoundation')
    cd /tmp/cuadrao-apple-name-independent/ios
    builtin-SwiftPerFileCompile FinancialSearchView.swift

SwiftCompile normal arm64 /tmp/cuadrao-apple-name-independent/ios/ArgusFoundation/ArgusFoundationApp.swift (in target 'ArgusFoundation' from project 'ArgusFoundation')
    cd /tmp/cuadrao-apple-name-independent/ios
    builtin-SwiftPerFileCompile ArgusFoundationApp.swift

SwiftDriverJobDiscovery normal arm64 Compiling CuadraoScrollChrome.swift, CuadraoSearchCanvas.swift, CuadraoSearchReferences.swift, CuadraoSpaceSelector.swift (in target 'ArgusFoundation' from project 'ArgusFoundation')

SwiftCompile normal arm64 Compiling\ ReleaseUpdateCopy.swift /tmp/cuadrao-apple-name-independent/ios/ArgusFoundation/ReleaseUI/Updates/ReleaseUpdateCopy.swift (in target 'ArgusFoundation' from project 'ArgusFoundation')

SwiftCompile normal arm64 /tmp/cuadrao-apple-name-independent/ios/ArgusFoundation/ReleaseUI/Updates/ReleaseUpdateCopy.swift (in target 'ArgusFoundation' from project 'ArgusFoundation')
    cd /tmp/cuadrao-apple-name-independent/ios
    builtin-SwiftPerFileCompile ReleaseUpdateCopy.swift

SwiftDriverJobDiscovery normal arm64 Compiling AccountActivityView.swift, AccountEntry.swift, AccountForm.swift, AccountsModel.swift, AccountsView.swift (in target 'ArgusFoundation' from project 'ArgusFoundation')

SwiftCompile normal arm64 Compiling\ CuadraoVoicePicker.swift,\ CuadraoVoicePresentation.swift,\ CuadraoVoiceProposalCanvas.swift,\ CuadraoVoiceSea.swift,\ HouseholdActivityEditor.swift /tmp/cuadrao-apple-name-independent/ios/ArgusFoundation/Cuadrao/CuadraoVoicePicker.swift /tmp/cuadrao-apple-name-independent/ios/ArgusFoundation/Cuadrao/CuadraoVoicePresentation.swift /tmp/cuadrao-apple-name-independent/ios/ArgusFoundation/Cuadrao/CuadraoVoiceProposalCanvas.swift /tmp/cuadrao-apple-name-independent/ios/ArgusFoundation/Cuadrao/CuadraoVoiceSea.swift /tmp/cuadrao-apple-name-independent/ios/ArgusFoundation/Household/HouseholdActivityEditor.swift (in target 'ArgusFoundation' from project 'ArgusFoundation')

SwiftCompile normal arm64 /tmp/cuadrao-apple-name-independent/ios/ArgusFoundation/Cuadrao/CuadraoVoicePicker.swift (in target 'ArgusFoundation' from project 'ArgusFoundation')
    cd /tmp/cuadrao-apple-name-independent/ios
    builtin-SwiftPerFileCompile CuadraoVoicePicker.swift

SwiftCompile normal arm64 /tmp/cuadrao-apple-name-independent/ios/ArgusFoundation/Cuadrao/CuadraoVoicePresentation.swift (in target 'ArgusFoundation' from project 'ArgusFoundation')
    cd /tmp/cuadrao-apple-name-independent/ios
    builtin-SwiftPerFileCompile CuadraoVoicePresentation.swift

SwiftCompile normal arm64 /tmp/cuadrao-apple-name-independent/ios/ArgusFoundation/Cuadrao/CuadraoVoiceProposalCanvas.swift (in target 'ArgusFoundation' from project 'ArgusFoundation')
    cd /tmp/cuadrao-apple-name-independent/ios
    builtin-SwiftPerFileCompile CuadraoVoiceProposalCanvas.swift

SwiftCompile normal arm64 /tmp/cuadrao-apple-name-independent/ios/ArgusFoundation/Cuadrao/CuadraoVoiceSea.swift (in target 'ArgusFoundation' from project 'ArgusFoundation')
    cd /tmp/cuadrao-apple-name-independent/ios
    builtin-SwiftPerFileCompile CuadraoVoiceSea.swift

SwiftCompile normal arm64 /tmp/cuadrao-apple-name-independent/ios/ArgusFoundation/Household/HouseholdActivityEditor.swift (in target 'ArgusFoundation' from project 'ArgusFoundation')
    cd /tmp/cuadrao-apple-name-independent/ios
    builtin-SwiftPerFileCompile HouseholdActivityEditor.swift

SwiftDriverJobDiscovery normal arm64 Compiling CuadraoBalancePeriod.swift, CuadraoBrand.swift, CuadraoChartControls.swift, CuadraoChartState.swift, CuadraoChartTouchSurface.swift (in target 'ArgusFoundation' from project 'ArgusFoundation')

SwiftCompile normal arm64 Compiling\ DesignSystem.swift,\ FoundationSheets.swift,\ FoundationShell.swift,\ SampleDestinations.swift /tmp/cuadrao-apple-name-independent/ios/ArgusFoundation/DesignSystem.swift /tmp/cuadrao-apple-name-independent/ios/ArgusFoundation/FoundationSheets.swift /tmp/cuadrao-apple-name-independent/ios/ArgusFoundation/FoundationShell.swift /tmp/cuadrao-apple-name-independent/ios/ArgusFoundation/SampleDestinations.swift (in target 'ArgusFoundation' from project 'ArgusFoundation')

SwiftCompile normal arm64 /tmp/cuadrao-apple-name-independent/ios/ArgusFoundation/DesignSystem.swift (in target 'ArgusFoundation' from project 'ArgusFoundation')
    cd /tmp/cuadrao-apple-name-independent/ios
    builtin-SwiftPerFileCompile DesignSystem.swift

SwiftCompile normal arm64 /tmp/cuadrao-apple-name-independent/ios/ArgusFoundation/FoundationSheets.swift (in target 'ArgusFoundation' from project 'ArgusFoundation')
    cd /tmp/cuadrao-apple-name-independent/ios
    builtin-SwiftPerFileCompile FoundationSheets.swift

SwiftCompile normal arm64 /tmp/cuadrao-apple-name-independent/ios/ArgusFoundation/FoundationShell.swift (in target 'ArgusFoundation' from project 'ArgusFoundation')
    cd /tmp/cuadrao-apple-name-independent/ios
    builtin-SwiftPerFileCompile FoundationShell.swift

SwiftCompile normal arm64 /tmp/cuadrao-apple-name-independent/ios/ArgusFoundation/SampleDestinations.swift (in target 'ArgusFoundation' from project 'ArgusFoundation')
    cd /tmp/cuadrao-apple-name-independent/ios
    builtin-SwiftPerFileCompile SampleDestinations.swift

SwiftDriverJobDiscovery normal arm64 Compiling NativeAuthConfiguration.swift, NativeProviderSignIn.swift, ProfileAccountSection.swift, ProfileAuthModel.swift (in target 'ArgusFoundation' from project 'ArgusFoundation')

SwiftCompile normal arm64 Compiling\ ReleaseInvitationShare.swift,\ ReleaseInviteGate.swift,\ CuadraoProfileIdentity.swift,\ ReleaseDataTruthViews.swift /tmp/cuadrao-apple-name-independent/ios/ArgusFoundation/ReleaseUI/Invitations/ReleaseInvitationShare.swift /tmp/cuadrao-apple-name-independent/ios/ArgusFoundation/ReleaseUI/Invitations/ReleaseInviteGate.swift /tmp/cuadrao-apple-name-independent/ios/ArgusFoundation/ReleaseUI/Profile/CuadraoProfileIdentity.swift /tmp/cuadrao-apple-name-independent/ios/ArgusFoundation/ReleaseUI/Updates/ReleaseDataTruthViews.swift (in target 'ArgusFoundation' from project 'ArgusFoundation')

SwiftCompile normal arm64 /tmp/cuadrao-apple-name-independent/ios/ArgusFoundation/ReleaseUI/Invitations/ReleaseInvitationShare.swift (in target 'ArgusFoundation' from project 'ArgusFoundation')
    cd /tmp/cuadrao-apple-name-independent/ios
    builtin-SwiftPerFileCompile ReleaseInvitationShare.swift

SwiftCompile normal arm64 /tmp/cuadrao-apple-name-independent/ios/ArgusFoundation/ReleaseUI/Invitations/ReleaseInviteGate.swift (in target 'ArgusFoundation' from project 'ArgusFoundation')
    cd /tmp/cuadrao-apple-name-independent/ios
    builtin-SwiftPerFileCompile ReleaseInviteGate.swift

SwiftCompile normal arm64 /tmp/cuadrao-apple-name-independent/ios/ArgusFoundation/ReleaseUI/Profile/CuadraoProfileIdentity.swift (in target 'ArgusFoundation' from project 'ArgusFoundation')
    cd /tmp/cuadrao-apple-name-independent/ios
    builtin-SwiftPerFileCompile CuadraoProfileIdentity.swift

SwiftCompile normal arm64 /tmp/cuadrao-apple-name-independent/ios/ArgusFoundation/ReleaseUI/Updates/ReleaseDataTruthViews.swift (in target 'ArgusFoundation' from project 'ArgusFoundation')
    cd /tmp/cuadrao-apple-name-independent/ios
    builtin-SwiftPerFileCompile ReleaseDataTruthViews.swift

SwiftDriverJobDiscovery normal arm64 Compiling ReleaseUpdateCopy.swift (in target 'ArgusFoundation' from project 'ArgusFoundation')

SwiftCompile normal arm64 Compiling\ CuadraoDesignSample.swift /tmp/cuadrao-apple-name-independent/ios/ArgusFoundation/Cuadrao/CuadraoDesignSample.swift (in target 'ArgusFoundation' from project 'ArgusFoundation')

SwiftCompile normal arm64 /tmp/cuadrao-apple-name-independent/ios/ArgusFoundation/Cuadrao/CuadraoDesignSample.swift (in target 'ArgusFoundation' from project 'ArgusFoundation')
    cd /tmp/cuadrao-apple-name-independent/ios
    builtin-SwiftPerFileCompile CuadraoDesignSample.swift

SwiftDriverJobDiscovery normal arm64 Compiling FinancialHomeView.swift, FinancialLoopModel.swift, AppleSessionHarness.swift, CaptchaChallengeView.swift (in target 'ArgusFoundation' from project 'ArgusFoundation')

SwiftCompile normal arm64 Compiling\ CuadraoUpdatesCanvas.swift /tmp/cuadrao-apple-name-independent/ios/ArgusFoundation/Cuadrao/CuadraoUpdatesCanvas.swift (in target 'ArgusFoundation' from project 'ArgusFoundation')

SwiftCompile normal arm64 /tmp/cuadrao-apple-name-independent/ios/ArgusFoundation/Cuadrao/CuadraoUpdatesCanvas.swift (in target 'ArgusFoundation' from project 'ArgusFoundation')
    cd /tmp/cuadrao-apple-name-independent/ios
    builtin-SwiftPerFileCompile CuadraoUpdatesCanvas.swift

SwiftDriverJobDiscovery normal arm64 Compiling FinancialGoalActions.swift, FinancialGoalForm.swift, FinancialGoalModel.swift, FinancialGoalView.swift (in target 'ArgusFoundation' from project 'ArgusFoundation')

SwiftCompile normal arm64 Compiling\ CuadraoHouseholdInvitation.swift /tmp/cuadrao-apple-name-independent/ios/ArgusFoundation/Cuadrao/CuadraoHouseholdInvitation.swift (in target 'ArgusFoundation' from project 'ArgusFoundation')

SwiftCompile normal arm64 /tmp/cuadrao-apple-name-independent/ios/ArgusFoundation/Cuadrao/CuadraoHouseholdInvitation.swift (in target 'ArgusFoundation' from project 'ArgusFoundation')
    cd /tmp/cuadrao-apple-name-independent/ios
    builtin-SwiftPerFileCompile CuadraoHouseholdInvitation.swift

SwiftDriverJobDiscovery normal arm64 Compiling CuadraoTemporaryChatSettings.swift, CuadraoTypography.swift, CuadraoVoiceBar.swift, CuadraoVoiceEntry.swift, CuadraoVoiceMessagePanel.swift (in target 'ArgusFoundation' from project 'ArgusFoundation')

SwiftCompile normal arm64 Compiling\ CuadraoSpendingStory.swift /tmp/cuadrao-apple-name-independent/ios/ArgusFoundation/Cuadrao/CuadraoSpendingStory.swift (in target 'ArgusFoundation' from project 'ArgusFoundation')

SwiftCompile normal arm64 /tmp/cuadrao-apple-name-independent/ios/ArgusFoundation/Cuadrao/CuadraoSpendingStory.swift (in target 'ArgusFoundation' from project 'ArgusFoundation')
    cd /tmp/cuadrao-apple-name-independent/ios
    builtin-SwiftPerFileCompile CuadraoSpendingStory.swift

SwiftDriverJobDiscovery normal arm64 Compiling CuadraoReceipt.swift (in target 'ArgusFoundation' from project 'ArgusFoundation')

SwiftCompile normal arm64 Compiling\ CuadraoNavigationBar.swift,\ CuadraoOrderedCollection.swift,\ CuadraoProfileAvatar.swift,\ CuadraoProfileCanvas.swift,\ CuadraoProfilePage.swift /tmp/cuadrao-apple-name-independent/ios/ArgusFoundation/Cuadrao/CuadraoNavigationBar.swift /tmp/cuadrao-apple-name-independent/ios/ArgusFoundation/Cuadrao/CuadraoOrderedCollection.swift /tmp/cuadrao-apple-name-independent/ios/ArgusFoundation/Cuadrao/CuadraoProfileAvatar.swift /tmp/cuadrao-apple-name-independent/ios/ArgusFoundation/Cuadrao/CuadraoProfileCanvas.swift /tmp/cuadrao-apple-name-independent/ios/ArgusFoundation/Cuadrao/CuadraoProfilePage.swift (in target 'ArgusFoundation' from project 'ArgusFoundation')

SwiftCompile normal arm64 /tmp/cuadrao-apple-name-independent/ios/ArgusFoundation/Cuadrao/CuadraoNavigationBar.swift (in target 'ArgusFoundation' from project 'ArgusFoundation')
    cd /tmp/cuadrao-apple-name-independent/ios
    builtin-SwiftPerFileCompile CuadraoNavigationBar.swift

SwiftCompile normal arm64 /tmp/cuadrao-apple-name-independent/ios/ArgusFoundation/Cuadrao/CuadraoOrderedCollection.swift (in target 'ArgusFoundation' from project 'ArgusFoundation')
    cd /tmp/cuadrao-apple-name-independent/ios
    builtin-SwiftPerFileCompile CuadraoOrderedCollection.swift

SwiftCompile normal arm64 /tmp/cuadrao-apple-name-independent/ios/ArgusFoundation/Cuadrao/CuadraoProfileAvatar.swift (in target 'ArgusFoundation' from project 'ArgusFoundation')
    cd /tmp/cuadrao-apple-name-independent/ios
    builtin-SwiftPerFileCompile CuadraoProfileAvatar.swift

SwiftCompile normal arm64 /tmp/cuadrao-apple-name-independent/ios/ArgusFoundation/Cuadrao/CuadraoProfileCanvas.swift (in target 'ArgusFoundation' from project 'ArgusFoundation')
    cd /tmp/cuadrao-apple-name-independent/ios
    builtin-SwiftPerFileCompile CuadraoProfileCanvas.swift

SwiftCompile normal arm64 /tmp/cuadrao-apple-name-independent/ios/ArgusFoundation/Cuadrao/CuadraoProfilePage.swift (in target 'ArgusFoundation' from project 'ArgusFoundation')
    cd /tmp/cuadrao-apple-name-independent/ios
    builtin-SwiftPerFileCompile CuadraoProfilePage.swift

SwiftDriverJobDiscovery normal arm64 Compiling ReleaseNotificationPreferences.swift, ReleaseUpdateModels.swift, ReleaseUpdatesGallery.swift, ReleaseUpdatesInbox.swift (in target 'ArgusFoundation' from project 'ArgusFoundation')

SwiftCompile normal arm64 Compiling\ CuadraoAccountsPreview.swift /tmp/cuadrao-apple-name-independent/ios/ArgusFoundation/Cuadrao/CuadraoAccountsPreview.swift (in target 'ArgusFoundation' from project 'ArgusFoundation')

SwiftCompile normal arm64 /tmp/cuadrao-apple-name-independent/ios/ArgusFoundation/Cuadrao/CuadraoAccountsPreview.swift (in target 'ArgusFoundation' from project 'ArgusFoundation')
    cd /tmp/cuadrao-apple-name-independent/ios
    builtin-SwiftPerFileCompile CuadraoAccountsPreview.swift

SwiftDriverJobDiscovery normal arm64 Compiling CuadraoSpendingStory.swift (in target 'ArgusFoundation' from project 'ArgusFoundation')

SwiftCompile normal arm64 Compiling\ CuadraoChatPreview.swift,\ CuadraoChatSheet.swift,\ CuadraoChoiceControls.swift,\ CuadraoComponents.swift,\ CuadraoLiveVoiceCanvas.swift /tmp/cuadrao-apple-name-independent/ios/ArgusFoundation/Cuadrao/CuadraoChatPreview.swift /tmp/cuadrao-apple-name-independent/ios/ArgusFoundation/Cuadrao/CuadraoChatSheet.swift /tmp/cuadrao-apple-name-independent/ios/ArgusFoundation/Cuadrao/CuadraoChoiceControls.swift /tmp/cuadrao-apple-name-independent/ios/ArgusFoundation/Cuadrao/CuadraoComponents.swift /tmp/cuadrao-apple-name-independent/ios/ArgusFoundation/Cuadrao/CuadraoLiveVoiceCanvas.swift (in target 'ArgusFoundation' from project 'ArgusFoundation')

SwiftCompile normal arm64 /tmp/cuadrao-apple-name-independent/ios/ArgusFoundation/Cuadrao/CuadraoChatPreview.swift (in target 'ArgusFoundation' from project 'ArgusFoundation')
    cd /tmp/cuadrao-apple-name-independent/ios
    builtin-SwiftPerFileCompile CuadraoChatPreview.swift

SwiftCompile normal arm64 /tmp/cuadrao-apple-name-independent/ios/ArgusFoundation/Cuadrao/CuadraoChatSheet.swift (in target 'ArgusFoundation' from project 'ArgusFoundation')
    cd /tmp/cuadrao-apple-name-independent/ios
    builtin-SwiftPerFileCompile CuadraoChatSheet.swift

SwiftCompile normal arm64 /tmp/cuadrao-apple-name-independent/ios/ArgusFoundation/Cuadrao/CuadraoChoiceControls.swift (in target 'ArgusFoundation' from project 'ArgusFoundation')
    cd /tmp/cuadrao-apple-name-independent/ios
    builtin-SwiftPerFileCompile CuadraoChoiceControls.swift

SwiftCompile normal arm64 /tmp/cuadrao-apple-name-independent/ios/ArgusFoundation/Cuadrao/CuadraoComponents.swift (in target 'ArgusFoundation' from project 'ArgusFoundation')
    cd /tmp/cuadrao-apple-name-independent/ios
    builtin-SwiftPerFileCompile CuadraoComponents.swift

SwiftCompile normal arm64 /tmp/cuadrao-apple-name-independent/ios/ArgusFoundation/Cuadrao/CuadraoLiveVoiceCanvas.swift (in target 'ArgusFoundation' from project 'ArgusFoundation')
    cd /tmp/cuadrao-apple-name-independent/ios
    builtin-SwiftPerFileCompile CuadraoLiveVoiceCanvas.swift

SwiftDriverJobDiscovery normal arm64 Compiling CuadraoHouseholdInvitation.swift (in target 'ArgusFoundation' from project 'ArgusFoundation')

SwiftCompile normal arm64 Compiling\ CuadraoCanvas.swift /tmp/cuadrao-apple-name-independent/ios/ArgusFoundation/Cuadrao/CuadraoCanvas.swift (in target 'ArgusFoundation' from project 'ArgusFoundation')

SwiftCompile normal arm64 /tmp/cuadrao-apple-name-independent/ios/ArgusFoundation/Cuadrao/CuadraoCanvas.swift (in target 'ArgusFoundation' from project 'ArgusFoundation')
    cd /tmp/cuadrao-apple-name-independent/ios
    builtin-SwiftPerFileCompile CuadraoCanvas.swift

SwiftDriverJobDiscovery normal arm64 Compiling HouseholdPlanActions.swift, HouseholdPlanDefinitionEditor.swift, HouseholdPlanModel.swift, HouseholdPlanPeople.swift (in target 'ArgusFoundation' from project 'ArgusFoundation')

SwiftCompile normal arm64 Compiling\ CuadraoPlanCanvas.swift,\ CuadraoPlanDetail.swift,\ CuadraoPlanEditor.swift,\ CuadraoPlanPreview.swift,\ CuadraoPlanVisuals.swift /tmp/cuadrao-apple-name-independent/ios/ArgusFoundation/Cuadrao/Planning/CuadraoPlanCanvas.swift /tmp/cuadrao-apple-name-independent/ios/ArgusFoundation/Cuadrao/Planning/CuadraoPlanDetail.swift /tmp/cuadrao-apple-name-independent/ios/ArgusFoundation/Cuadrao/Planning/CuadraoPlanEditor.swift /tmp/cuadrao-apple-name-independent/ios/ArgusFoundation/Cuadrao/Planning/CuadraoPlanPreview.swift /tmp/cuadrao-apple-name-independent/ios/ArgusFoundation/Cuadrao/Planning/CuadraoPlanVisuals.swift (in target 'ArgusFoundation' from project 'ArgusFoundation')

SwiftCompile normal arm64 /tmp/cuadrao-apple-name-independent/ios/ArgusFoundation/Cuadrao/Planning/CuadraoPlanCanvas.swift (in target 'ArgusFoundation' from project 'ArgusFoundation')
    cd /tmp/cuadrao-apple-name-independent/ios
    builtin-SwiftPerFileCompile CuadraoPlanCanvas.swift

SwiftCompile normal arm64 /tmp/cuadrao-apple-name-independent/ios/ArgusFoundation/Cuadrao/Planning/CuadraoPlanDetail.swift (in target 'ArgusFoundation' from project 'ArgusFoundation')
    cd /tmp/cuadrao-apple-name-independent/ios
    builtin-SwiftPerFileCompile CuadraoPlanDetail.swift

SwiftCompile normal arm64 /tmp/cuadrao-apple-name-independent/ios/ArgusFoundation/Cuadrao/Planning/CuadraoPlanEditor.swift (in target 'ArgusFoundation' from project 'ArgusFoundation')
    cd /tmp/cuadrao-apple-name-independent/ios
    builtin-SwiftPerFileCompile CuadraoPlanEditor.swift

SwiftCompile normal arm64 /tmp/cuadrao-apple-name-independent/ios/ArgusFoundation/Cuadrao/Planning/CuadraoPlanPreview.swift (in target 'ArgusFoundation' from project 'ArgusFoundation')
    cd /tmp/cuadrao-apple-name-independent/ios
    builtin-SwiftPerFileCompile CuadraoPlanPreview.swift

SwiftCompile normal arm64 /tmp/cuadrao-apple-name-independent/ios/ArgusFoundation/Cuadrao/Planning/CuadraoPlanVisuals.swift (in target 'ArgusFoundation' from project 'ArgusFoundation')
    cd /tmp/cuadrao-apple-name-independent/ios
    builtin-SwiftPerFileCompile CuadraoPlanVisuals.swift

SwiftDriverJobDiscovery normal arm64 Compiling ReleaseInvitationShare.swift, ReleaseInviteGate.swift, CuadraoProfileIdentity.swift, ReleaseDataTruthViews.swift (in target 'ArgusFoundation' from project 'ArgusFoundation')

SwiftCompile normal arm64 Compiling\ CuadraoEmailConfirmation.swift /tmp/cuadrao-apple-name-independent/ios/ArgusFoundation/Cuadrao/CuadraoEmailConfirmation.swift (in target 'ArgusFoundation' from project 'ArgusFoundation')

SwiftCompile normal arm64 /tmp/cuadrao-apple-name-independent/ios/ArgusFoundation/Cuadrao/CuadraoEmailConfirmation.swift (in target 'ArgusFoundation' from project 'ArgusFoundation')
    cd /tmp/cuadrao-apple-name-independent/ios
    builtin-SwiftPerFileCompile CuadraoEmailConfirmation.swift

SwiftDriverJobDiscovery normal arm64 Compiling CuadraoDesignSample.swift (in target 'ArgusFoundation' from project 'ArgusFoundation')

SwiftCompile normal arm64 Compiling\ PlanAmountInput.swift,\ PlanCurrencyChoice.swift,\ CuadraoReceiptCapture.swift,\ CuadraoReceiptNativePicker.swift,\ CuadraoAllocationBar.swift /tmp/cuadrao-apple-name-independent/ios/ArgusFoundation/Cuadrao/Planning/PlanAmountInput.swift /tmp/cuadrao-apple-name-independent/ios/ArgusFoundation/Cuadrao/Planning/PlanCurrencyChoice.swift /tmp/cuadrao-apple-name-independent/ios/ArgusFoundation/Cuadrao/Receipts/CuadraoReceiptCapture.swift /tmp/cuadrao-apple-name-independent/ios/ArgusFoundation/Cuadrao/Receipts/CuadraoReceiptNativePicker.swift /tmp/cuadrao-apple-name-independent/ios/ArgusFoundation/Cuadrao/CuadraoAllocationBar.swift (in target 'ArgusFoundation' from project 'ArgusFoundation')

SwiftCompile normal arm64 /tmp/cuadrao-apple-name-independent/ios/ArgusFoundation/Cuadrao/Planning/PlanAmountInput.swift (in target 'ArgusFoundation' from project 'ArgusFoundation')
    cd /tmp/cuadrao-apple-name-independent/ios
    builtin-SwiftPerFileCompile PlanAmountInput.swift

SwiftCompile normal arm64 /tmp/cuadrao-apple-name-independent/ios/ArgusFoundation/Cuadrao/Planning/PlanCurrencyChoice.swift (in target 'ArgusFoundation' from project 'ArgusFoundation')
    cd /tmp/cuadrao-apple-name-independent/ios
    builtin-SwiftPerFileCompile PlanCurrencyChoice.swift

SwiftCompile normal arm64 /tmp/cuadrao-apple-name-independent/ios/ArgusFoundation/Cuadrao/Receipts/CuadraoReceiptCapture.swift (in target 'ArgusFoundation' from project 'ArgusFoundation')
    cd /tmp/cuadrao-apple-name-independent/ios
    builtin-SwiftPerFileCompile CuadraoReceiptCapture.swift

SwiftCompile normal arm64 /tmp/cuadrao-apple-name-independent/ios/ArgusFoundation/Cuadrao/Receipts/CuadraoReceiptNativePicker.swift (in target 'ArgusFoundation' from project 'ArgusFoundation')
    cd /tmp/cuadrao-apple-name-independent/ios
    builtin-SwiftPerFileCompile CuadraoReceiptNativePicker.swift

SwiftCompile normal arm64 /tmp/cuadrao-apple-name-independent/ios/ArgusFoundation/Cuadrao/CuadraoAllocationBar.swift (in target 'ArgusFoundation' from project 'ArgusFoundation')
    cd /tmp/cuadrao-apple-name-independent/ios
    builtin-SwiftPerFileCompile CuadraoAllocationBar.swift

SwiftDriverJobDiscovery normal arm64 Compiling CuadraoAccountsPreview.swift (in target 'ArgusFoundation' from project 'ArgusFoundation')

SwiftCompile normal arm64 Compiling\ CuadraoSpendingHistory.swift /tmp/cuadrao-apple-name-independent/ios/ArgusFoundation/Cuadrao/CuadraoSpendingHistory.swift (in target 'ArgusFoundation' from project 'ArgusFoundation')

SwiftCompile normal arm64 /tmp/cuadrao-apple-name-independent/ios/ArgusFoundation/Cuadrao/CuadraoSpendingHistory.swift (in target 'ArgusFoundation' from project 'ArgusFoundation')
    cd /tmp/cuadrao-apple-name-independent/ios
    builtin-SwiftPerFileCompile CuadraoSpendingHistory.swift

SwiftDriverJobDiscovery normal arm64 Compiling CuadraoUpdatesCanvas.swift (in target 'ArgusFoundation' from project 'ArgusFoundation')

SwiftCompile normal arm64 Compiling\ CuadraoDesignGallery.swift /tmp/cuadrao-apple-name-independent/ios/ArgusFoundation/Cuadrao/CuadraoDesignGallery.swift (in target 'ArgusFoundation' from project 'ArgusFoundation')

SwiftCompile normal arm64 /tmp/cuadrao-apple-name-independent/ios/ArgusFoundation/Cuadrao/CuadraoDesignGallery.swift (in target 'ArgusFoundation' from project 'ArgusFoundation')
    cd /tmp/cuadrao-apple-name-independent/ios
    builtin-SwiftPerFileCompile CuadraoDesignGallery.swift

SwiftDriverJobDiscovery normal arm64 Compiling CuadraoHomeBalanceChart.swift, CuadraoHomeCanvas.swift, CuadraoHomeDistribution.swift, CuadraoHomeEmptyState.swift (in target 'ArgusFoundation' from project 'ArgusFoundation')

SwiftCompile normal arm64 Compiling\ CuadraoGroupEditor.swift,\ CuadraoGroupExpenseEditor.swift,\ CuadraoGroupInvitation.swift,\ CuadraoGroupMemberReview.swift,\ CuadraoGroupPreview.swift /tmp/cuadrao-apple-name-independent/ios/ArgusFoundation/Cuadrao/Planning/CuadraoGroupEditor.swift /tmp/cuadrao-apple-name-independent/ios/ArgusFoundation/Cuadrao/Planning/CuadraoGroupExpenseEditor.swift /tmp/cuadrao-apple-name-independent/ios/ArgusFoundation/Cuadrao/Planning/CuadraoGroupInvitation.swift /tmp/cuadrao-apple-name-independent/ios/ArgusFoundation/Cuadrao/Planning/CuadraoGroupMemberReview.swift /tmp/cuadrao-apple-name-independent/ios/ArgusFoundation/Cuadrao/Planning/CuadraoGroupPreview.swift (in target 'ArgusFoundation' from project 'ArgusFoundation')

SwiftCompile normal arm64 /tmp/cuadrao-apple-name-independent/ios/ArgusFoundation/Cuadrao/Planning/CuadraoGroupEditor.swift (in target 'ArgusFoundation' from project 'ArgusFoundation')
    cd /tmp/cuadrao-apple-name-independent/ios
    builtin-SwiftPerFileCompile CuadraoGroupEditor.swift

SwiftCompile normal arm64 /tmp/cuadrao-apple-name-independent/ios/ArgusFoundation/Cuadrao/Planning/CuadraoGroupExpenseEditor.swift (in target 'ArgusFoundation' from project 'ArgusFoundation')
    cd /tmp/cuadrao-apple-name-independent/ios
    builtin-SwiftPerFileCompile CuadraoGroupExpenseEditor.swift

SwiftCompile normal arm64 /tmp/cuadrao-apple-name-independent/ios/ArgusFoundation/Cuadrao/Planning/CuadraoGroupInvitation.swift (in target 'ArgusFoundation' from project 'ArgusFoundation')
    cd /tmp/cuadrao-apple-name-independent/ios
    builtin-SwiftPerFileCompile CuadraoGroupInvitation.swift

SwiftCompile normal arm64 /tmp/cuadrao-apple-name-independent/ios/ArgusFoundation/Cuadrao/Planning/CuadraoGroupMemberReview.swift (in target 'ArgusFoundation' from project 'ArgusFoundation')
    cd /tmp/cuadrao-apple-name-independent/ios
    builtin-SwiftPerFileCompile CuadraoGroupMemberReview.swift

SwiftCompile normal arm64 /tmp/cuadrao-apple-name-independent/ios/ArgusFoundation/Cuadrao/Planning/CuadraoGroupPreview.swift (in target 'ArgusFoundation' from project 'ArgusFoundation')
    cd /tmp/cuadrao-apple-name-independent/ios
    builtin-SwiftPerFileCompile CuadraoGroupPreview.swift

SwiftDriverJobDiscovery normal arm64 Compiling HouseholdPlanViews.swift, HouseholdViews.swift, InvitationsHarness.swift, InvitationsModel.swift (in target 'ArgusFoundation' from project 'ArgusFoundation')

SwiftCompile normal arm64 Compiling\ CuadraoCreateAccount.swift /tmp/cuadrao-apple-name-independent/ios/ArgusFoundation/Cuadrao/CuadraoCreateAccount.swift (in target 'ArgusFoundation' from project 'ArgusFoundation')

SwiftCompile normal arm64 /tmp/cuadrao-apple-name-independent/ios/ArgusFoundation/Cuadrao/CuadraoCreateAccount.swift (in target 'ArgusFoundation' from project 'ArgusFoundation')
    cd /tmp/cuadrao-apple-name-independent/ios
    builtin-SwiftPerFileCompile CuadraoCreateAccount.swift

SwiftDriverJobDiscovery normal arm64 Compiling CuadraoReceiptReview.swift, CuadraoReceiptStore.swift, CuadraoReceiptSupport.swift, CanvasDecimalInput.swift (in target 'ArgusFoundation' from project 'ArgusFoundation')

SwiftCompile normal arm64 Compiling\ CuadraoSpendingTrends.swift /tmp/cuadrao-apple-name-independent/ios/ArgusFoundation/Cuadrao/CuadraoSpendingTrends.swift (in target 'ArgusFoundation' from project 'ArgusFoundation')

SwiftCompile normal arm64 /tmp/cuadrao-apple-name-independent/ios/ArgusFoundation/Cuadrao/CuadraoSpendingTrends.swift (in target 'ArgusFoundation' from project 'ArgusFoundation')
    cd /tmp/cuadrao-apple-name-independent/ios
    builtin-SwiftPerFileCompile CuadraoSpendingTrends.swift

SwiftDriverJobDiscovery normal arm64 Compiling CuadraoSpendingHistory.swift (in target 'ArgusFoundation' from project 'ArgusFoundation')

SwiftCompile normal arm64 Compiling\ CuadraoPasswordRecovery.swift /tmp/cuadrao-apple-name-independent/ios/ArgusFoundation/Cuadrao/CuadraoPasswordRecovery.swift (in target 'ArgusFoundation' from project 'ArgusFoundation')

SwiftCompile normal arm64 /tmp/cuadrao-apple-name-independent/ios/ArgusFoundation/Cuadrao/CuadraoPasswordRecovery.swift (in target 'ArgusFoundation' from project 'ArgusFoundation')
    cd /tmp/cuadrao-apple-name-independent/ios
    builtin-SwiftPerFileCompile CuadraoPasswordRecovery.swift

SwiftDriverJobDiscovery normal arm64 Compiling AssetDetailView.swift, FinancialActivityEditor.swift, FinancialActivityEditorView.swift, FinancialAssetEditor.swift, FinancialEditorView.swift (in target 'ArgusFoundation' from project 'ArgusFoundation')

SwiftCompile normal arm64 Compiling\ ConnectedSwipeRow.swift,\ CuadraoForecastPlayground.swift,\ CuadraoGroupCodeCard.swift,\ CuadraoGroupCollection.swift,\ CuadraoGroupDetail.swift /tmp/cuadrao-apple-name-independent/ios/ArgusFoundation/Connected/ConnectedSwipeRow.swift /tmp/cuadrao-apple-name-independent/ios/ArgusFoundation/Cuadrao/Planning/CuadraoForecastPlayground.swift /tmp/cuadrao-apple-name-independent/ios/ArgusFoundation/Cuadrao/Planning/CuadraoGroupCodeCard.swift /tmp/cuadrao-apple-name-independent/ios/ArgusFoundation/Cuadrao/Planning/CuadraoGroupCollection.swift /tmp/cuadrao-apple-name-independent/ios/ArgusFoundation/Cuadrao/Planning/CuadraoGroupDetail.swift (in target 'ArgusFoundation' from project 'ArgusFoundation')

SwiftCompile normal arm64 /tmp/cuadrao-apple-name-independent/ios/ArgusFoundation/Connected/ConnectedSwipeRow.swift (in target 'ArgusFoundation' from project 'ArgusFoundation')
    cd /tmp/cuadrao-apple-name-independent/ios
    builtin-SwiftPerFileCompile ConnectedSwipeRow.swift

SwiftCompile normal arm64 /tmp/cuadrao-apple-name-independent/ios/ArgusFoundation/Cuadrao/Planning/CuadraoForecastPlayground.swift (in target 'ArgusFoundation' from project 'ArgusFoundation')
    cd /tmp/cuadrao-apple-name-independent/ios
    builtin-SwiftPerFileCompile CuadraoForecastPlayground.swift

SwiftCompile normal arm64 /tmp/cuadrao-apple-name-independent/ios/ArgusFoundation/Cuadrao/Planning/CuadraoGroupCodeCard.swift (in target 'ArgusFoundation' from project 'ArgusFoundation')
    cd /tmp/cuadrao-apple-name-independent/ios
    builtin-SwiftPerFileCompile CuadraoGroupCodeCard.swift

SwiftCompile normal arm64 /tmp/cuadrao-apple-name-independent/ios/ArgusFoundation/Cuadrao/Planning/CuadraoGroupCollection.swift (in target 'ArgusFoundation' from project 'ArgusFoundation')
    cd /tmp/cuadrao-apple-name-independent/ios
    builtin-SwiftPerFileCompile CuadraoGroupCollection.swift

SwiftCompile normal arm64 /tmp/cuadrao-apple-name-independent/ios/ArgusFoundation/Cuadrao/Planning/CuadraoGroupDetail.swift (in target 'ArgusFoundation' from project 'ArgusFoundation')
    cd /tmp/cuadrao-apple-name-independent/ios
    builtin-SwiftPerFileCompile CuadraoGroupDetail.swift

SwiftDriverJobDiscovery normal arm64 Compiling CuadraoCanvas.swift (in target 'ArgusFoundation' from project 'ArgusFoundation')

SwiftCompile normal arm64 Compiling\ CuadraoEmailSignIn.swift /tmp/cuadrao-apple-name-independent/ios/ArgusFoundation/Cuadrao/CuadraoEmailSignIn.swift (in target 'ArgusFoundation' from project 'ArgusFoundation')

SwiftCompile normal arm64 /tmp/cuadrao-apple-name-independent/ios/ArgusFoundation/Cuadrao/CuadraoEmailSignIn.swift (in target 'ArgusFoundation' from project 'ArgusFoundation')
    cd /tmp/cuadrao-apple-name-independent/ios
    builtin-SwiftPerFileCompile CuadraoEmailSignIn.swift

SwiftDriverJobDiscovery normal arm64 Compiling DesignSystem.swift, FoundationSheets.swift, FoundationShell.swift, SampleDestinations.swift (in target 'ArgusFoundation' from project 'ArgusFoundation')

SwiftCompile normal arm64 Compiling\ CuadraoChatAnswer.swift,\ CuadraoChatCanvas.swift,\ CuadraoChatContext.swift,\ CuadraoChatDate.swift,\ CuadraoChatHistory.swift /tmp/cuadrao-apple-name-independent/ios/ArgusFoundation/Cuadrao/CuadraoChatAnswer.swift /tmp/cuadrao-apple-name-independent/ios/ArgusFoundation/Cuadrao/CuadraoChatCanvas.swift /tmp/cuadrao-apple-name-independent/ios/ArgusFoundation/Cuadrao/CuadraoChatContext.swift /tmp/cuadrao-apple-name-independent/ios/ArgusFoundation/Cuadrao/CuadraoChatDate.swift /tmp/cuadrao-apple-name-independent/ios/ArgusFoundation/Cuadrao/CuadraoChatHistory.swift (in target 'ArgusFoundation' from project 'ArgusFoundation')

SwiftCompile normal arm64 /tmp/cuadrao-apple-name-independent/ios/ArgusFoundation/Cuadrao/CuadraoChatAnswer.swift (in target 'ArgusFoundation' from project 'ArgusFoundation')
    cd /tmp/cuadrao-apple-name-independent/ios
    builtin-SwiftPerFileCompile CuadraoChatAnswer.swift

SwiftCompile normal arm64 /tmp/cuadrao-apple-name-independent/ios/ArgusFoundation/Cuadrao/CuadraoChatCanvas.swift (in target 'ArgusFoundation' from project 'ArgusFoundation')
    cd /tmp/cuadrao-apple-name-independent/ios
    builtin-SwiftPerFileCompile CuadraoChatCanvas.swift

SwiftCompile normal arm64 /tmp/cuadrao-apple-name-independent/ios/ArgusFoundation/Cuadrao/CuadraoChatContext.swift (in target 'ArgusFoundation' from project 'ArgusFoundation')
    cd /tmp/cuadrao-apple-name-independent/ios
    builtin-SwiftPerFileCompile CuadraoChatContext.swift

SwiftCompile normal arm64 /tmp/cuadrao-apple-name-independent/ios/ArgusFoundation/Cuadrao/CuadraoChatDate.swift (in target 'ArgusFoundation' from project 'ArgusFoundation')
    cd /tmp/cuadrao-apple-name-independent/ios
    builtin-SwiftPerFileCompile CuadraoChatDate.swift

SwiftCompile normal arm64 /tmp/cuadrao-apple-name-independent/ios/ArgusFoundation/Cuadrao/CuadraoChatHistory.swift (in target 'ArgusFoundation' from project 'ArgusFoundation')
    cd /tmp/cuadrao-apple-name-independent/ios
    builtin-SwiftPerFileCompile CuadraoChatHistory.swift

SwiftDriverJobDiscovery normal arm64 Compiling ReleaseUIReview.swift, FinancialSearchModel.swift, FinancialSearchView.swift, ArgusFoundationApp.swift (in target 'ArgusFoundation' from project 'ArgusFoundation')

SwiftCompile normal arm64 Compiling\ CuadraoHomeOverview.swift /tmp/cuadrao-apple-name-independent/ios/ArgusFoundation/Cuadrao/CuadraoHomeOverview.swift (in target 'ArgusFoundation' from project 'ArgusFoundation')

SwiftCompile normal arm64 /tmp/cuadrao-apple-name-independent/ios/ArgusFoundation/Cuadrao/CuadraoHomeOverview.swift (in target 'ArgusFoundation' from project 'ArgusFoundation')
    cd /tmp/cuadrao-apple-name-independent/ios
    builtin-SwiftPerFileCompile CuadraoHomeOverview.swift

SwiftDriverJobDiscovery normal arm64 Compiling CuadraoEmailConfirmation.swift (in target 'ArgusFoundation' from project 'ArgusFoundation')

SwiftCompile normal arm64 Compiling\ CuadraoAmountField.swift,\ CuadraoAppearancePicker.swift,\ CuadraoAvatarCrop.swift,\ CuadraoBalanceBreakdown.swift,\ CuadraoBalanceHistory.swift /tmp/cuadrao-apple-name-independent/ios/ArgusFoundation/Cuadrao/CuadraoAmountField.swift /tmp/cuadrao-apple-name-independent/ios/ArgusFoundation/Cuadrao/CuadraoAppearancePicker.swift /tmp/cuadrao-apple-name-independent/ios/ArgusFoundation/Cuadrao/CuadraoAvatarCrop.swift /tmp/cuadrao-apple-name-independent/ios/ArgusFoundation/Cuadrao/CuadraoBalanceBreakdown.swift /tmp/cuadrao-apple-name-independent/ios/ArgusFoundation/Cuadrao/CuadraoBalanceHistory.swift (in target 'ArgusFoundation' from project 'ArgusFoundation')

SwiftCompile normal arm64 /tmp/cuadrao-apple-name-independent/ios/ArgusFoundation/Cuadrao/CuadraoAmountField.swift (in target 'ArgusFoundation' from project 'ArgusFoundation')
    cd /tmp/cuadrao-apple-name-independent/ios
    builtin-SwiftPerFileCompile CuadraoAmountField.swift

SwiftCompile normal arm64 /tmp/cuadrao-apple-name-independent/ios/ArgusFoundation/Cuadrao/CuadraoAppearancePicker.swift (in target 'ArgusFoundation' from project 'ArgusFoundation')
    cd /tmp/cuadrao-apple-name-independent/ios
    builtin-SwiftPerFileCompile CuadraoAppearancePicker.swift

SwiftCompile normal arm64 /tmp/cuadrao-apple-name-independent/ios/ArgusFoundation/Cuadrao/CuadraoAvatarCrop.swift (in target 'ArgusFoundation' from project 'ArgusFoundation')
    cd /tmp/cuadrao-apple-name-independent/ios
    builtin-SwiftPerFileCompile CuadraoAvatarCrop.swift

SwiftCompile normal arm64 /tmp/cuadrao-apple-name-independent/ios/ArgusFoundation/Cuadrao/CuadraoBalanceBreakdown.swift (in target 'ArgusFoundation' from project 'ArgusFoundation')
    cd /tmp/cuadrao-apple-name-independent/ios
    builtin-SwiftPerFileCompile CuadraoBalanceBreakdown.swift

SwiftCompile normal arm64 /tmp/cuadrao-apple-name-independent/ios/ArgusFoundation/Cuadrao/CuadraoBalanceHistory.swift (in target 'ArgusFoundation' from project 'ArgusFoundation')
    cd /tmp/cuadrao-apple-name-independent/ios
    builtin-SwiftPerFileCompile CuadraoBalanceHistory.swift

SwiftDriverJobDiscovery normal arm64 Compiling CuadraoSpacesPreview.swift, CuadraoSpacesSheet.swift, CuadraoSpendingChart.swift, CuadraoSpendingHighlights.swift (in target 'ArgusFoundation' from project 'ArgusFoundation')

SwiftCompile normal arm64 Compiling\ FinancialPlanModel.swift,\ FinancialPlanView.swift,\ ReleaseAIConsentView.swift,\ ReleaseConnectedSourcesView.swift,\ ReleaseDeleteAccountView.swift /tmp/cuadrao-apple-name-independent/ios/ArgusFoundation/Plan/FinancialPlanModel.swift /tmp/cuadrao-apple-name-independent/ios/ArgusFoundation/Plan/FinancialPlanView.swift /tmp/cuadrao-apple-name-independent/ios/ArgusFoundation/ReleaseUI/Identity/ReleaseAIConsentView.swift /tmp/cuadrao-apple-name-independent/ios/ArgusFoundation/ReleaseUI/Identity/ReleaseConnectedSourcesView.swift /tmp/cuadrao-apple-name-independent/ios/ArgusFoundation/ReleaseUI/Identity/ReleaseDeleteAccountView.swift (in target 'ArgusFoundation' from project 'ArgusFoundation')

SwiftCompile normal arm64 /tmp/cuadrao-apple-name-independent/ios/ArgusFoundation/Plan/FinancialPlanModel.swift (in target 'ArgusFoundation' from project 'ArgusFoundation')
    cd /tmp/cuadrao-apple-name-independent/ios
    builtin-SwiftPerFileCompile FinancialPlanModel.swift

SwiftCompile normal arm64 /tmp/cuadrao-apple-name-independent/ios/ArgusFoundation/Plan/FinancialPlanView.swift (in target 'ArgusFoundation' from project 'ArgusFoundation')
    cd /tmp/cuadrao-apple-name-independent/ios
    builtin-SwiftPerFileCompile FinancialPlanView.swift

SwiftCompile normal arm64 /tmp/cuadrao-apple-name-independent/ios/ArgusFoundation/ReleaseUI/Identity/ReleaseAIConsentView.swift (in target 'ArgusFoundation' from project 'ArgusFoundation')
    cd /tmp/cuadrao-apple-name-independent/ios
    builtin-SwiftPerFileCompile ReleaseAIConsentView.swift

SwiftCompile normal arm64 /tmp/cuadrao-apple-name-independent/ios/ArgusFoundation/ReleaseUI/Identity/ReleaseConnectedSourcesView.swift (in target 'ArgusFoundation' from project 'ArgusFoundation')
    cd /tmp/cuadrao-apple-name-independent/ios
    builtin-SwiftPerFileCompile ReleaseConnectedSourcesView.swift

SwiftCompile normal arm64 /tmp/cuadrao-apple-name-independent/ios/ArgusFoundation/ReleaseUI/Identity/ReleaseDeleteAccountView.swift (in target 'ArgusFoundation' from project 'ArgusFoundation')
    cd /tmp/cuadrao-apple-name-independent/ios
    builtin-SwiftPerFileCompile ReleaseDeleteAccountView.swift

SwiftDriverJobDiscovery normal arm64 Compiling ConnectedCuadraoAuth.swift, ConnectedCuadraoHome.swift, ConnectedCuadraoProfile.swift, ConnectedCuadraoRoot.swift (in target 'ArgusFoundation' from project 'ArgusFoundation')

SwiftCompile normal arm64 Compiling\ CuadraoEmailRegistration.swift /tmp/cuadrao-apple-name-independent/ios/ArgusFoundation/Cuadrao/CuadraoEmailRegistration.swift (in target 'ArgusFoundation' from project 'ArgusFoundation')

SwiftCompile normal arm64 /tmp/cuadrao-apple-name-independent/ios/ArgusFoundation/Cuadrao/CuadraoEmailRegistration.swift (in target 'ArgusFoundation' from project 'ArgusFoundation')
    cd /tmp/cuadrao-apple-name-independent/ios
    builtin-SwiftPerFileCompile CuadraoEmailRegistration.swift

SwiftDriverJobDiscovery normal arm64 Compiling CuadraoHomeOverview.swift (in target 'ArgusFoundation' from project 'ArgusFoundation')

SwiftCompile normal arm64 Compiling\ ConnectedCuadraoShell.swift /tmp/cuadrao-apple-name-independent/ios/ArgusFoundation/Connected/ConnectedCuadraoShell.swift (in target 'ArgusFoundation' from project 'ArgusFoundation')

SwiftCompile normal arm64 /tmp/cuadrao-apple-name-independent/ios/ArgusFoundation/Connected/ConnectedCuadraoShell.swift (in target 'ArgusFoundation' from project 'ArgusFoundation')
    cd /tmp/cuadrao-apple-name-independent/ios
    builtin-SwiftPerFileCompile ConnectedCuadraoShell.swift

SwiftDriverJobDiscovery normal arm64 Compiling CuadraoNavigationBar.swift, CuadraoOrderedCollection.swift, CuadraoProfileAvatar.swift, CuadraoProfileCanvas.swift, CuadraoProfilePage.swift (in target 'ArgusFoundation' from project 'ArgusFoundation')

SwiftCompile normal arm64 Compiling\ ReleaseIdentityGallery.swift,\ ReleaseMemoryControlsView.swift,\ ReleaseSocialSignInView.swift,\ ReleaseInvitationSenders.swift,\ ReleaseInvitationsGallery.swift /tmp/cuadrao-apple-name-independent/ios/ArgusFoundation/ReleaseUI/Identity/ReleaseIdentityGallery.swift /tmp/cuadrao-apple-name-independent/ios/ArgusFoundation/ReleaseUI/Identity/ReleaseMemoryControlsView.swift /tmp/cuadrao-apple-name-independent/ios/ArgusFoundation/ReleaseUI/Identity/ReleaseSocialSignInView.swift /tmp/cuadrao-apple-name-independent/ios/ArgusFoundation/ReleaseUI/Invitations/ReleaseInvitationSenders.swift /tmp/cuadrao-apple-name-independent/ios/ArgusFoundation/ReleaseUI/Invitations/ReleaseInvitationsGallery.swift (in target 'ArgusFoundation' from project 'ArgusFoundation')

SwiftCompile normal arm64 /tmp/cuadrao-apple-name-independent/ios/ArgusFoundation/ReleaseUI/Identity/ReleaseIdentityGallery.swift (in target 'ArgusFoundation' from project 'ArgusFoundation')
    cd /tmp/cuadrao-apple-name-independent/ios
    builtin-SwiftPerFileCompile ReleaseIdentityGallery.swift

SwiftCompile normal arm64 /tmp/cuadrao-apple-name-independent/ios/ArgusFoundation/ReleaseUI/Identity/ReleaseMemoryControlsView.swift (in target 'ArgusFoundation' from project 'ArgusFoundation')
    cd /tmp/cuadrao-apple-name-independent/ios
    builtin-SwiftPerFileCompile ReleaseMemoryControlsView.swift

SwiftCompile normal arm64 /tmp/cuadrao-apple-name-independent/ios/ArgusFoundation/ReleaseUI/Identity/ReleaseSocialSignInView.swift (in target 'ArgusFoundation' from project 'ArgusFoundation')
    cd /tmp/cuadrao-apple-name-independent/ios
    builtin-SwiftPerFileCompile ReleaseSocialSignInView.swift

SwiftCompile normal arm64 /tmp/cuadrao-apple-name-independent/ios/ArgusFoundation/ReleaseUI/Invitations/ReleaseInvitationSenders.swift (in target 'ArgusFoundation' from project 'ArgusFoundation')
    cd /tmp/cuadrao-apple-name-independent/ios
    builtin-SwiftPerFileCompile ReleaseInvitationSenders.swift

SwiftCompile normal arm64 /tmp/cuadrao-apple-name-independent/ios/ArgusFoundation/ReleaseUI/Invitations/ReleaseInvitationsGallery.swift (in target 'ArgusFoundation' from project 'ArgusFoundation')
    cd /tmp/cuadrao-apple-name-independent/ios
    builtin-SwiftPerFileCompile ReleaseInvitationsGallery.swift

SwiftDriverJobDiscovery normal arm64 Compiling CuadraoVoicePicker.swift, CuadraoVoicePresentation.swift, CuadraoVoiceProposalCanvas.swift, CuadraoVoiceSea.swift, HouseholdActivityEditor.swift (in target 'ArgusFoundation' from project 'ArgusFoundation')

SwiftDriverJobDiscovery normal arm64 Compiling CuadraoChatPreview.swift, CuadraoChatSheet.swift, CuadraoChoiceControls.swift, CuadraoComponents.swift, CuadraoLiveVoiceCanvas.swift (in target 'ArgusFoundation' from project 'ArgusFoundation')

SwiftDriverJobDiscovery normal arm64 Compiling CuadraoDesignGallery.swift (in target 'ArgusFoundation' from project 'ArgusFoundation')

SwiftDriverJobDiscovery normal arm64 Compiling PlanAmountInput.swift, PlanCurrencyChoice.swift, CuadraoReceiptCapture.swift, CuadraoReceiptNativePicker.swift, CuadraoAllocationBar.swift (in target 'ArgusFoundation' from project 'ArgusFoundation')

SwiftDriverJobDiscovery normal arm64 Compiling CuadraoPasswordRecovery.swift (in target 'ArgusFoundation' from project 'ArgusFoundation')

SwiftDriverJobDiscovery normal arm64 Compiling CuadraoCreateAccount.swift (in target 'ArgusFoundation' from project 'ArgusFoundation')

SwiftDriverJobDiscovery normal arm64 Compiling CuadraoSpendingTrends.swift (in target 'ArgusFoundation' from project 'ArgusFoundation')

SwiftDriverJobDiscovery normal arm64 Compiling HouseholdContributionEditor.swift, HouseholdInvitationOutcome.swift, HouseholdManagement.swift, HouseholdModel.swift, FinancialPlanForms.swift (in target 'ArgusFoundation' from project 'ArgusFoundation')

SwiftDriverJobDiscovery normal arm64 Compiling CuadraoEmailSignIn.swift (in target 'ArgusFoundation' from project 'ArgusFoundation')

SwiftDriverJobDiscovery normal arm64 Compiling ConnectedCuadraoShell.swift (in target 'ArgusFoundation' from project 'ArgusFoundation')

SwiftDriverJobDiscovery normal arm64 Compiling CuadraoEmailRegistration.swift (in target 'ArgusFoundation' from project 'ArgusFoundation')

SwiftDriverJobDiscovery normal arm64 Compiling CuadraoAmountField.swift, CuadraoAppearancePicker.swift, CuadraoAvatarCrop.swift, CuadraoBalanceBreakdown.swift, CuadraoBalanceHistory.swift (in target 'ArgusFoundation' from project 'ArgusFoundation')

SwiftDriverJobDiscovery normal arm64 Compiling CuadraoGroupEditor.swift, CuadraoGroupExpenseEditor.swift, CuadraoGroupInvitation.swift, CuadraoGroupMemberReview.swift, CuadraoGroupPreview.swift (in target 'ArgusFoundation' from project 'ArgusFoundation')

SwiftDriverJobDiscovery normal arm64 Compiling ReleaseIdentityGallery.swift, ReleaseMemoryControlsView.swift, ReleaseSocialSignInView.swift, ReleaseInvitationSenders.swift, ReleaseInvitationsGallery.swift (in target 'ArgusFoundation' from project 'ArgusFoundation')

SwiftDriverJobDiscovery normal arm64 Compiling FinancialPlanModel.swift, FinancialPlanView.swift, ReleaseAIConsentView.swift, ReleaseConnectedSourcesView.swift, ReleaseDeleteAccountView.swift (in target 'ArgusFoundation' from project 'ArgusFoundation')

SwiftDriverJobDiscovery normal arm64 Compiling CuadraoPlanCanvas.swift, CuadraoPlanDetail.swift, CuadraoPlanEditor.swift, CuadraoPlanPreview.swift, CuadraoPlanVisuals.swift (in target 'ArgusFoundation' from project 'ArgusFoundation')

SwiftDriverJobDiscovery normal arm64 Compiling ConnectedSwipeRow.swift, CuadraoForecastPlayground.swift, CuadraoGroupCodeCard.swift, CuadraoGroupCollection.swift, CuadraoGroupDetail.swift (in target 'ArgusFoundation' from project 'ArgusFoundation')

SwiftDriverJobDiscovery normal arm64 Emitting module for ArgusFoundation (in target 'ArgusFoundation' from project 'ArgusFoundation')

SwiftDriver\ Compilation\ Requirements ArgusFoundation normal arm64 com.apple.xcode.tools.swift.compiler (in target 'ArgusFoundation' from project 'ArgusFoundation')
    cd /tmp/cuadrao-apple-name-independent/ios
    builtin-Swift-Compilation-Requirements -- /Applications/Xcode.app/Contents/Developer/Toolchains/XcodeDefault.xctoolchain/usr/bin/swiftc -module-name ArgusFoundation -Onone @/tmp/cuadrao-apple-name-xcode/Build/Intermediates.noindex/ArgusFoundation.build/Debug-iphonesimulator/ArgusFoundation.build/Objects-normal/arm64/ArgusFoundation.SwiftFileList -DDEBUG -Xcc -fmodule-map-file\=/tmp/cuadrao-apple-name-xcode/Build/Intermediates.noindex/GeneratedModuleMaps-iphonesimulator/AppAuth.modulemap -Xcc -fmodule-map-file\=/tmp/cuadrao-apple-name-xcode/Build/Intermediates.noindex/GeneratedModuleMaps-iphonesimulator/AppAuthCore.modulemap -Xcc -fmodule-map-file\=/tmp/cuadrao-apple-session-xcode-packages/checkouts/promises/Sources/FBLPromises/include/module.modulemap -Xcc -fmodule-map-file\=/tmp/cuadrao-apple-name-xcode/Build/Intermediates.noindex/GeneratedModuleMaps-iphonesimulator/GoogleUtilities-Logger.modulemap -Xcc -fmodule-map-file\=/tmp/cuadrao-apple-name-xcode/Build/Intermediates.noindex/GeneratedModuleMaps-iphonesimulator/GoogleUtilities-Environment.modulemap -Xcc -fmodule-map-file\=/tmp/cuadrao-apple-name-xcode/Build/Intermediates.noindex/GeneratedModuleMaps-iphonesimulator/third-party-IsAppEncrypted.modulemap -Xcc -fmodule-map-file\=/tmp/cuadrao-apple-name-xcode/Build/Intermediates.noindex/GeneratedModuleMaps-iphonesimulator/GoogleUtilities-UserDefaults.modulemap -Xcc -fmodule-map-file\=/tmp/cuadrao-apple-name-xcode/Build/Intermediates.noindex/GeneratedModuleMaps-iphonesimulator/AppCheckCore.modulemap -Xcc -fmodule-map-file\=/tmp/cuadrao-apple-name-xcode/Build/Intermediates.noindex/GeneratedModuleMaps-iphonesimulator/GTMSessionFetcherCore.modulemap -Xcc -fmodule-map-file\=/tmp/cuadrao-apple-name-xcode/Build/Intermediates.noindex/GeneratedModuleMaps-iphonesimulator/GoogleSignIn.modulemap -enable-bare-slash-regex -enable-experimental-feature DebugDescriptionMacro -sdk /Applications/Xcode.app/Contents/Developer/Platforms/iPhoneSimulator.platform/Developer/SDKs/iPhoneSimulator27.0.sdk -target arm64-apple-ios17.0-simulator -g -module-cache-path /tmp/cuadrao-apple-name-xcode/ModuleCache.noindex -Xfrontend -serialize-debugging-options -enable-testing -index-store-path /tmp/cuadrao-apple-name-xcode/Index.noindex/DataStore -swift-version 5 -I /tmp/cuadrao-apple-name-xcode/Build/Products/Debug-iphonesimulator -F /tmp/cuadrao-apple-name-xcode/Build/Products/Debug-iphonesimulator/PackageFrameworks -F /tmp/cuadrao-apple-name-xcode/Build/Products/Debug-iphonesimulator -c -j18 -enable-batch-mode -incremental -Xcc -ivfsstatcache -Xcc /tmp/cuadrao-apple-name-xcode/SDKStatCaches.noindex/iphonesimulator27.0-24A430-8dc58220667be655e1bcc261a7455254.sdkstatcache -output-file-map /tmp/cuadrao-apple-name-xcode/Build/Intermediates.noindex/ArgusFoundation.build/Debug-iphonesimulator/ArgusFoundation.build/Objects-normal/arm64/ArgusFoundation-OutputFileMap.json -save-temps -no-color-diagnostics -explicit-module-build -module-cache-path /tmp/cuadrao-apple-name-xcode/Build/Intermediates.noindex/SwiftExplicitPrecompiledModules -clang-scanner-module-cache-path /tmp/cuadrao-apple-name-xcode/ModuleCache.noindex -sdk-module-cache-path /tmp/cuadrao-apple-name-xcode/SDKExplicitPrecompiledModules -emit-dependencies -emit-module -emit-module-path /tmp/cuadrao-apple-name-xcode/Build/Intermediates.noindex/ArgusFoundation.build/Debug-iphonesimulator/ArgusFoundation.build/Objects-normal/arm64/ArgusFoundation.swiftmodule -serialize-diagnostics -dependency-scan-serialize-diagnostics-path /tmp/cuadrao-apple-name-xcode/Build/Intermediates.noindex/ArgusFoundation.build/Debug-iphonesimulator/ArgusFoundation.build/Objects-normal/arm64/ArgusFoundation-dependency-scan.dia -validate-clang-modules-once -clang-build-session-file /tmp/cuadrao-apple-name-xcode/ModuleCache.noindex/Session.modulevalidation -Xcc -fmodules-prune-interval\=86400 -Xcc -fmodules-prune-after\=345600 -emit-const-values -const-gather-protocols-list /tmp/cuadrao-apple-name-xcode/Build/Intermediates.noindex/ArgusFoundation.build/Debug-iphonesimulator/ArgusFoundation.build/Objects-normal/arm64/ArgusFoundation_const_extract_protocols.json -Xcc -iquote -Xcc /tmp/cuadrao-apple-name-xcode/Build/Intermediates.noindex/ArgusFoundation.build/Debug-iphonesimulator/ArgusFoundation.build/ArgusFoundation-generated-files.hmap -Xcc -I/tmp/cuadrao-apple-name-xcode/Build/Intermediates.noindex/ArgusFoundation.build/Debug-iphonesimulator/ArgusFoundation.build/ArgusFoundation-own-target-headers.hmap -Xcc -I/tmp/cuadrao-apple-name-xcode/Build/Intermediates.noindex/ArgusFoundation.build/Debug-iphonesimulator/ArgusFoundation.build/ArgusFoundation-all-non-framework-target-headers.hmap -Xcc -ivfsoverlay -Xcc /tmp/cuadrao-apple-name-xcode/Build/Intermediates.noindex/ArgusFoundation.build/Debug-iphonesimulator/ArgusFoundation-4b5f52643afcc14b6dbf13e25e651fe7-VFS-iphonesimulator/all-product-headers.yaml -Xcc -iquote -Xcc /tmp/cuadrao-apple-name-xcode/Build/Intermediates.noindex/ArgusFoundation.build/Debug-iphonesimulator/ArgusFoundation.build/ArgusFoundation-project-headers.hmap -Xcc -I/tmp/cuadrao-apple-session-xcode-packages/checkouts/AppAuth-iOS/Sources/AppAuth -Xcc -I/tmp/cuadrao-apple-session-xcode-packages/checkouts/AppAuth-iOS/Sources/AppAuthCore -Xcc -I/tmp/cuadrao-apple-session-xcode-packages/checkouts/promises/Sources/FBLPromises/include -Xcc -I/tmp/cuadrao-apple-session-xcode-packages/checkouts/GoogleUtilities/GoogleUtilities/Logger/Public -Xcc -I/tmp/cuadrao-apple-session-xcode-packages/checkouts/GoogleUtilities/GoogleUtilities/Environment/Public -Xcc -I/tmp/cuadrao-apple-session-xcode-packages/checkouts/GoogleUtilities/third_party/IsAppEncrypted/Public -Xcc -I/tmp/cuadrao-apple-session-xcode-packages/checkouts/GoogleUtilities/GoogleUtilities/UserDefaults/Public -Xcc -I/tmp/cuadrao-apple-session-xcode-packages/checkouts/app-check/AppCheckCore/Sources/Public -Xcc -I/tmp/cuadrao-apple-session-xcode-packages/checkouts/gtm-session-fetcher/Sources/Core/Public -Xcc -I/tmp/cuadrao-apple-session-xcode-packages/checkouts/GoogleSignIn-iOS/GoogleSignIn/Sources/Public -Xcc -I/tmp/cuadrao-apple-name-xcode/Build/Products/Debug-iphonesimulator/include -Xcc -I/tmp/cuadrao-apple-name-xcode/Build/Intermediates.noindex/ArgusFoundation.build/Debug-iphonesimulator/ArgusFoundation.build/DerivedSources-normal/arm64 -Xcc -I/tmp/cuadrao-apple-name-xcode/Build/Intermediates.noindex/ArgusFoundation.build/Debug-iphonesimulator/ArgusFoundation.build/DerivedSources/arm64 -Xcc -I/tmp/cuadrao-apple-name-xcode/Build/Intermediates.noindex/ArgusFoundation.build/Debug-iphonesimulator/ArgusFoundation.build/DerivedSources -emit-objc-header -emit-objc-header-path /tmp/cuadrao-apple-name-xcode/Build/Intermediates.noindex/ArgusFoundation.build/Debug-iphonesimulator/ArgusFoundation.build/Objects-normal/arm64/ArgusFoundation-Swift.h -working-directory /tmp/cuadrao-apple-name-independent/ios -experimental-emit-module-separately -disable-cmo

SwiftMergeGeneratedHeaders /tmp/cuadrao-apple-name-xcode/Build/Intermediates.noindex/ArgusFoundation.build/Debug-iphonesimulator/ArgusFoundation.build/DerivedSources/ArgusFoundation-Swift.h /tmp/cuadrao-apple-name-xcode/Build/Intermediates.noindex/ArgusFoundation.build/Debug-iphonesimulator/ArgusFoundation.build/Objects-normal/arm64/ArgusFoundation-Swift.h (in target 'ArgusFoundation' from project 'ArgusFoundation')
    cd /tmp/cuadrao-apple-name-independent/ios
    builtin-swiftHeaderTool -arch arm64 /tmp/cuadrao-apple-name-xcode/Build/Intermediates.noindex/ArgusFoundation.build/Debug-iphonesimulator/ArgusFoundation.build/Objects-normal/arm64/ArgusFoundation-Swift.h -o /tmp/cuadrao-apple-name-xcode/Build/Intermediates.noindex/ArgusFoundation.build/Debug-iphonesimulator/ArgusFoundation.build/DerivedSources/ArgusFoundation-Swift.h

Copy /tmp/cuadrao-apple-name-xcode/Build/Products/Debug-iphonesimulator/ArgusFoundation.swiftmodule/arm64-apple-ios-simulator.swiftmodule /tmp/cuadrao-apple-name-xcode/Build/Intermediates.noindex/ArgusFoundation.build/Debug-iphonesimulator/ArgusFoundation.build/Objects-normal/arm64/ArgusFoundation.swiftmodule (in target 'ArgusFoundation' from project 'ArgusFoundation')
    cd /tmp/cuadrao-apple-name-independent/ios
    builtin-copy -exclude .DS_Store -exclude CVS -exclude .svn -exclude .git -exclude .hg -strip-unsigned-binaries -strip-deterministic -strip-tool /Applications/Xcode.app/Contents/Developer/Toolchains/XcodeDefault.xctoolchain/usr/bin/strip -resolve-src-symlinks -rename /tmp/cuadrao-apple-name-xcode/Build/Intermediates.noindex/ArgusFoundation.build/Debug-iphonesimulator/ArgusFoundation.build/Objects-normal/arm64/ArgusFoundation.swiftmodule /tmp/cuadrao-apple-name-xcode/Build/Products/Debug-iphonesimulator/ArgusFoundation.swiftmodule/arm64-apple-ios-simulator.swiftmodule

Copy /tmp/cuadrao-apple-name-xcode/Build/Products/Debug-iphonesimulator/ArgusFoundation.swiftmodule/arm64-apple-ios-simulator.abi.json /tmp/cuadrao-apple-name-xcode/Build/Intermediates.noindex/ArgusFoundation.build/Debug-iphonesimulator/ArgusFoundation.build/Objects-normal/arm64/ArgusFoundation.abi.json (in target 'ArgusFoundation' from project 'ArgusFoundation')
    cd /tmp/cuadrao-apple-name-independent/ios
    builtin-copy -exclude .DS_Store -exclude CVS -exclude .svn -exclude .git -exclude .hg -strip-unsigned-binaries -strip-deterministic -strip-tool /Applications/Xcode.app/Contents/Developer/Toolchains/XcodeDefault.xctoolchain/usr/bin/strip -resolve-src-symlinks -rename /tmp/cuadrao-apple-name-xcode/Build/Intermediates.noindex/ArgusFoundation.build/Debug-iphonesimulator/ArgusFoundation.build/Objects-normal/arm64/ArgusFoundation.abi.json /tmp/cuadrao-apple-name-xcode/Build/Products/Debug-iphonesimulator/ArgusFoundation.swiftmodule/arm64-apple-ios-simulator.abi.json

Copy /tmp/cuadrao-apple-name-xcode/Build/Products/Debug-iphonesimulator/ArgusFoundation.swiftmodule/arm64-apple-ios-simulator.swiftdoc /tmp/cuadrao-apple-name-xcode/Build/Intermediates.noindex/ArgusFoundation.build/Debug-iphonesimulator/ArgusFoundation.build/Objects-normal/arm64/ArgusFoundation.swiftdoc (in target 'ArgusFoundation' from project 'ArgusFoundation')
    cd /tmp/cuadrao-apple-name-independent/ios
    builtin-copy -exclude .DS_Store -exclude CVS -exclude .svn -exclude .git -exclude .hg -strip-unsigned-binaries -strip-deterministic -strip-tool /Applications/Xcode.app/Contents/Developer/Toolchains/XcodeDefault.xctoolchain/usr/bin/strip -resolve-src-symlinks -rename /tmp/cuadrao-apple-name-xcode/Build/Intermediates.noindex/ArgusFoundation.build/Debug-iphonesimulator/ArgusFoundation.build/Objects-normal/arm64/ArgusFoundation.swiftdoc /tmp/cuadrao-apple-name-xcode/Build/Products/Debug-iphonesimulator/ArgusFoundation.swiftmodule/arm64-apple-ios-simulator.swiftdoc

Copy /tmp/cuadrao-apple-name-xcode/Build/Products/Debug-iphonesimulator/ArgusFoundation.swiftmodule/Project/arm64-apple-ios-simulator.swiftsourceinfo /tmp/cuadrao-apple-name-xcode/Build/Intermediates.noindex/ArgusFoundation.build/Debug-iphonesimulator/ArgusFoundation.build/Objects-normal/arm64/ArgusFoundation.swiftsourceinfo (in target 'ArgusFoundation' from project 'ArgusFoundation')
    cd /tmp/cuadrao-apple-name-independent/ios
    builtin-copy -exclude .DS_Store -exclude CVS -exclude .svn -exclude .git -exclude .hg -strip-unsigned-binaries -strip-deterministic -strip-tool /Applications/Xcode.app/Contents/Developer/Toolchains/XcodeDefault.xctoolchain/usr/bin/strip -resolve-src-symlinks -rename /tmp/cuadrao-apple-name-xcode/Build/Intermediates.noindex/ArgusFoundation.build/Debug-iphonesimulator/ArgusFoundation.build/Objects-normal/arm64/ArgusFoundation.swiftsourceinfo /tmp/cuadrao-apple-name-xcode/Build/Products/Debug-iphonesimulator/ArgusFoundation.swiftmodule/Project/arm64-apple-ios-simulator.swiftsourceinfo

ProcessProductPackaging /tmp/cuadrao-apple-name-independent/ios/Config/Simulator.entitlements /tmp/cuadrao-apple-name-xcode/Build/Intermediates.noindex/ArgusFoundation.build/Debug-iphonesimulator/ArgusFoundationUITests.build/ArgusFoundationUITests.xctest-Simulated.xcent (in target 'ArgusFoundationUITests' from project 'ArgusFoundation')
    cd /tmp/cuadrao-apple-name-independent/ios

    Entitlements:

    {
    "application-identifier" = "local.argus.apple-name-independent.uitests";
}

    builtin-productPackagingUtility /tmp/cuadrao-apple-name-independent/ios/Config/Simulator.entitlements -entitlements -format xml -o /tmp/cuadrao-apple-name-xcode/Build/Intermediates.noindex/ArgusFoundation.build/Debug-iphonesimulator/ArgusFoundationUITests.build/ArgusFoundationUITests.xctest-Simulated.xcent

ProcessProductPackaging /tmp/cuadrao-apple-name-independent/ios/Config/Simulator.entitlements /tmp/cuadrao-apple-name-xcode/Build/Intermediates.noindex/ArgusFoundation.build/Debug-iphonesimulator/ArgusFoundationUITests.build/ArgusFoundationUITests.xctest.xcent (in target 'ArgusFoundationUITests' from project 'ArgusFoundation')
    cd /tmp/cuadrao-apple-name-independent/ios

    Entitlements:

    {
}

    builtin-productPackagingUtility /tmp/cuadrao-apple-name-independent/ios/Config/Simulator.entitlements -entitlements -format xml -o /tmp/cuadrao-apple-name-xcode/Build/Intermediates.noindex/ArgusFoundation.build/Debug-iphonesimulator/ArgusFoundationUITests.build/ArgusFoundationUITests.xctest.xcent

ProcessProductPackagingDER /tmp/cuadrao-apple-name-xcode/Build/Intermediates.noindex/ArgusFoundation.build/Debug-iphonesimulator/ArgusFoundationUITests.build/ArgusFoundationUITests.xctest.xcent /tmp/cuadrao-apple-name-xcode/Build/Intermediates.noindex/ArgusFoundation.build/Debug-iphonesimulator/ArgusFoundationUITests.build/ArgusFoundationUITests.xctest.xcent.der (in target 'ArgusFoundationUITests' from project 'ArgusFoundation')
    cd /tmp/cuadrao-apple-name-independent/ios
    /usr/bin/derq query -f xml -i /tmp/cuadrao-apple-name-xcode/Build/Intermediates.noindex/ArgusFoundation.build/Debug-iphonesimulator/ArgusFoundationUITests.build/ArgusFoundationUITests.xctest.xcent -o /tmp/cuadrao-apple-name-xcode/Build/Intermediates.noindex/ArgusFoundation.build/Debug-iphonesimulator/ArgusFoundationUITests.build/ArgusFoundationUITests.xctest.xcent.der --raw

ProcessProductPackagingDER /tmp/cuadrao-apple-name-xcode/Build/Intermediates.noindex/ArgusFoundation.build/Debug-iphonesimulator/ArgusFoundationUITests.build/ArgusFoundationUITests.xctest-Simulated.xcent /tmp/cuadrao-apple-name-xcode/Build/Intermediates.noindex/ArgusFoundation.build/Debug-iphonesimulator/ArgusFoundationUITests.build/ArgusFoundationUITests.xctest-Simulated.xcent.der (in target 'ArgusFoundationUITests' from project 'ArgusFoundation')
    cd /tmp/cuadrao-apple-name-independent/ios
    /usr/bin/derq query -f xml -i /tmp/cuadrao-apple-name-xcode/Build/Intermediates.noindex/ArgusFoundation.build/Debug-iphonesimulator/ArgusFoundationUITests.build/ArgusFoundationUITests.xctest-Simulated.xcent -o /tmp/cuadrao-apple-name-xcode/Build/Intermediates.noindex/ArgusFoundation.build/Debug-iphonesimulator/ArgusFoundationUITests.build/ArgusFoundationUITests.xctest-Simulated.xcent.der --raw

SwiftDriver ArgusFoundationUITests normal arm64 com.apple.xcode.tools.swift.compiler (in target 'ArgusFoundationUITests' from project 'ArgusFoundation')
    cd /tmp/cuadrao-apple-name-independent/ios
    builtin-SwiftDriver -- /Applications/Xcode.app/Contents/Developer/Toolchains/XcodeDefault.xctoolchain/usr/bin/swiftc -module-name ArgusFoundationUITests -Onone @/tmp/cuadrao-apple-name-xcode/Build/Intermediates.noindex/ArgusFoundation.build/Debug-iphonesimulator/ArgusFoundationUITests.build/Objects-normal/arm64/ArgusFoundationUITests.SwiftFileList -DDEBUG -module-alias Testing\=_Testing_Unavailable -plugin-path /Applications/Xcode.app/Contents/Developer/Toolchains/XcodeDefault.xctoolchain/usr/lib/swift/host/plugins/testing -enable-bare-slash-regex -enable-experimental-feature DebugDescriptionMacro -sdk /Applications/Xcode.app/Contents/Developer/Platforms/iPhoneSimulator.platform/Developer/SDKs/iPhoneSimulator27.0.sdk -target arm64-apple-ios17.0-simulator -g -module-cache-path /tmp/cuadrao-apple-name-xcode/ModuleCache.noindex -Xfrontend -serialize-debugging-options -enable-testing -index-store-path /tmp/cuadrao-apple-name-xcode/Index.noindex/DataStore -swift-version 5 -I /tmp/cuadrao-apple-name-xcode/Build/Products/Debug-iphonesimulator -Isystem /Applications/Xcode.app/Contents/Developer/Platforms/iPhoneSimulator.platform/Developer/usr/lib -F /tmp/cuadrao-apple-name-xcode/Build/Products/Debug-iphonesimulator -F /Applications/Xcode.app/Contents/Developer/Platforms/iPhoneSimulator.platform/Developer/Library/Frameworks -F /Applications/Xcode.app/Contents/Developer/Platforms/iPhoneSimulator.platform/Developer/SDKs/iPhoneSimulator27.0.sdk/Developer/Library/Frameworks -c -j18 -enable-batch-mode -incremental -Xcc -ivfsstatcache -Xcc /tmp/cuadrao-apple-name-xcode/SDKStatCaches.noindex/iphonesimulator27.0-24A430-8dc58220667be655e1bcc261a7455254.sdkstatcache -output-file-map /tmp/cuadrao-apple-name-xcode/Build/Intermediates.noindex/ArgusFoundation.build/Debug-iphonesimulator/ArgusFoundationUITests.build/Objects-normal/arm64/ArgusFoundationUITests-OutputFileMap.json -save-temps -no-color-diagnostics -explicit-module-build -module-cache-path /tmp/cuadrao-apple-name-xcode/Build/Intermediates.noindex/SwiftExplicitPrecompiledModules -clang-scanner-module-cache-path /tmp/cuadrao-apple-name-xcode/ModuleCache.noindex -sdk-module-cache-path /tmp/cuadrao-apple-name-xcode/SDKExplicitPrecompiledModules -emit-dependencies -emit-module -emit-module-path /tmp/cuadrao-apple-name-xcode/Build/Intermediates.noindex/ArgusFoundation.build/Debug-iphonesimulator/ArgusFoundationUITests.build/Objects-normal/arm64/ArgusFoundationUITests.swiftmodule -serialize-diagnostics -dependency-scan-serialize-diagnostics-path /tmp/cuadrao-apple-name-xcode/Build/Intermediates.noindex/ArgusFoundation.build/Debug-iphonesimulator/ArgusFoundationUITests.build/Objects-normal/arm64/ArgusFoundationUITests-dependency-scan.dia -validate-clang-modules-once -clang-build-session-file /tmp/cuadrao-apple-name-xcode/ModuleCache.noindex/Session.modulevalidation -Xcc -fmodules-prune-interval\=86400 -Xcc -fmodules-prune-after\=345600 -emit-const-values -const-gather-protocols-list /tmp/cuadrao-apple-name-xcode/Build/Intermediates.noindex/ArgusFoundation.build/Debug-iphonesimulator/ArgusFoundationUITests.build/Objects-normal/arm64/ArgusFoundationUITests_const_extract_protocols.json -Xcc -iquote -Xcc /tmp/cuadrao-apple-name-xcode/Build/Intermediates.noindex/ArgusFoundation.build/Debug-iphonesimulator/ArgusFoundationUITests.build/ArgusFoundationUITests-generated-files.hmap -Xcc -I/tmp/cuadrao-apple-name-xcode/Build/Intermediates.noindex/ArgusFoundation.build/Debug-iphonesimulator/ArgusFoundationUITests.build/ArgusFoundationUITests-own-target-headers.hmap -Xcc -I/tmp/cuadrao-apple-name-xcode/Build/Intermediates.noindex/ArgusFoundation.build/Debug-iphonesimulator/ArgusFoundationUITests.build/ArgusFoundationUITests-all-non-framework-target-headers.hmap -Xcc -ivfsoverlay -Xcc /tmp/cuadrao-apple-name-xcode/Build/Intermediates.noindex/ArgusFoundation.build/Debug-iphonesimulator/ArgusFoundation-4b5f52643afcc14b6dbf13e25e651fe7-VFS-iphonesimulator/all-product-headers.yaml -Xcc -iquote -Xcc /tmp/cuadrao-apple-name-xcode/Build/Intermediates.noindex/ArgusFoundation.build/Debug-iphonesimulator/ArgusFoundationUITests.build/ArgusFoundationUITests-project-headers.hmap -Xcc -I/tmp/cuadrao-apple-name-xcode/Build/Products/Debug-iphonesimulator/include -Xcc -I/tmp/cuadrao-apple-name-xcode/Build/Intermediates.noindex/ArgusFoundation.build/Debug-iphonesimulator/ArgusFoundationUITests.build/DerivedSources-normal/arm64 -Xcc -I/tmp/cuadrao-apple-name-xcode/Build/Intermediates.noindex/ArgusFoundation.build/Debug-iphonesimulator/ArgusFoundationUITests.build/DerivedSources/arm64 -Xcc -I/tmp/cuadrao-apple-name-xcode/Build/Intermediates.noindex/ArgusFoundation.build/Debug-iphonesimulator/ArgusFoundationUITests.build/DerivedSources -emit-objc-header -emit-objc-header-path /tmp/cuadrao-apple-name-xcode/Build/Intermediates.noindex/ArgusFoundation.build/Debug-iphonesimulator/ArgusFoundationUITests.build/Objects-normal/arm64/ArgusFoundationUITests-Swift.h -working-directory /tmp/cuadrao-apple-name-independent/ios -experimental-emit-module-separately -disable-cmo

SwiftDriverJobDiscovery normal arm64 Compiling CuadraoChatAnswer.swift, CuadraoChatCanvas.swift, CuadraoChatContext.swift, CuadraoChatDate.swift, CuadraoChatHistory.swift (in target 'ArgusFoundation' from project 'ArgusFoundation')

SwiftDriver\ Compilation ArgusFoundation normal arm64 com.apple.xcode.tools.swift.compiler (in target 'ArgusFoundation' from project 'ArgusFoundation')
    cd /tmp/cuadrao-apple-name-independent/ios
    builtin-Swift-Compilation -- /Applications/Xcode.app/Contents/Developer/Toolchains/XcodeDefault.xctoolchain/usr/bin/swiftc -module-name ArgusFoundation -Onone @/tmp/cuadrao-apple-name-xcode/Build/Intermediates.noindex/ArgusFoundation.build/Debug-iphonesimulator/ArgusFoundation.build/Objects-normal/arm64/ArgusFoundation.SwiftFileList -DDEBUG -Xcc -fmodule-map-file\=/tmp/cuadrao-apple-name-xcode/Build/Intermediates.noindex/GeneratedModuleMaps-iphonesimulator/AppAuth.modulemap -Xcc -fmodule-map-file\=/tmp/cuadrao-apple-name-xcode/Build/Intermediates.noindex/GeneratedModuleMaps-iphonesimulator/AppAuthCore.modulemap -Xcc -fmodule-map-file\=/tmp/cuadrao-apple-session-xcode-packages/checkouts/promises/Sources/FBLPromises/include/module.modulemap -Xcc -fmodule-map-file\=/tmp/cuadrao-apple-name-xcode/Build/Intermediates.noindex/GeneratedModuleMaps-iphonesimulator/GoogleUtilities-Logger.modulemap -Xcc -fmodule-map-file\=/tmp/cuadrao-apple-name-xcode/Build/Intermediates.noindex/GeneratedModuleMaps-iphonesimulator/GoogleUtilities-Environment.modulemap -Xcc -fmodule-map-file\=/tmp/cuadrao-apple-name-xcode/Build/Intermediates.noindex/GeneratedModuleMaps-iphonesimulator/third-party-IsAppEncrypted.modulemap -Xcc -fmodule-map-file\=/tmp/cuadrao-apple-name-xcode/Build/Intermediates.noindex/GeneratedModuleMaps-iphonesimulator/GoogleUtilities-UserDefaults.modulemap -Xcc -fmodule-map-file\=/tmp/cuadrao-apple-name-xcode/Build/Intermediates.noindex/GeneratedModuleMaps-iphonesimulator/AppCheckCore.modulemap -Xcc -fmodule-map-file\=/tmp/cuadrao-apple-name-xcode/Build/Intermediates.noindex/GeneratedModuleMaps-iphonesimulator/GTMSessionFetcherCore.modulemap -Xcc -fmodule-map-file\=/tmp/cuadrao-apple-name-xcode/Build/Intermediates.noindex/GeneratedModuleMaps-iphonesimulator/GoogleSignIn.modulemap -enable-bare-slash-regex -enable-experimental-feature DebugDescriptionMacro -sdk /Applications/Xcode.app/Contents/Developer/Platforms/iPhoneSimulator.platform/Developer/SDKs/iPhoneSimulator27.0.sdk -target arm64-apple-ios17.0-simulator -g -module-cache-path /tmp/cuadrao-apple-name-xcode/ModuleCache.noindex -Xfrontend -serialize-debugging-options -enable-testing -index-store-path /tmp/cuadrao-apple-name-xcode/Index.noindex/DataStore -swift-version 5 -I /tmp/cuadrao-apple-name-xcode/Build/Products/Debug-iphonesimulator -F /tmp/cuadrao-apple-name-xcode/Build/Products/Debug-iphonesimulator/PackageFrameworks -F /tmp/cuadrao-apple-name-xcode/Build/Products/Debug-iphonesimulator -c -j18 -enable-batch-mode -incremental -Xcc -ivfsstatcache -Xcc /tmp/cuadrao-apple-name-xcode/SDKStatCaches.noindex/iphonesimulator27.0-24A430-8dc58220667be655e1bcc261a7455254.sdkstatcache -output-file-map /tmp/cuadrao-apple-name-xcode/Build/Intermediates.noindex/ArgusFoundation.build/Debug-iphonesimulator/ArgusFoundation.build/Objects-normal/arm64/ArgusFoundation-OutputFileMap.json -save-temps -no-color-diagnostics -explicit-module-build -module-cache-path /tmp/cuadrao-apple-name-xcode/Build/Intermediates.noindex/SwiftExplicitPrecompiledModules -clang-scanner-module-cache-path /tmp/cuadrao-apple-name-xcode/ModuleCache.noindex -sdk-module-cache-path /tmp/cuadrao-apple-name-xcode/SDKExplicitPrecompiledModules -emit-dependencies -emit-module -emit-module-path /tmp/cuadrao-apple-name-xcode/Build/Intermediates.noindex/ArgusFoundation.build/Debug-iphonesimulator/ArgusFoundation.build/Objects-normal/arm64/ArgusFoundation.swiftmodule -serialize-diagnostics -dependency-scan-serialize-diagnostics-path /tmp/cuadrao-apple-name-xcode/Build/Intermediates.noindex/ArgusFoundation.build/Debug-iphonesimulator/ArgusFoundation.build/Objects-normal/arm64/ArgusFoundation-dependency-scan.dia -validate-clang-modules-once -clang-build-session-file /tmp/cuadrao-apple-name-xcode/ModuleCache.noindex/Session.modulevalidation -Xcc -fmodules-prune-interval\=86400 -Xcc -fmodules-prune-after\=345600 -emit-const-values -const-gather-protocols-list /tmp/cuadrao-apple-name-xcode/Build/Intermediates.noindex/ArgusFoundation.build/Debug-iphonesimulator/ArgusFoundation.build/Objects-normal/arm64/ArgusFoundation_const_extract_protocols.json -Xcc -iquote -Xcc /tmp/cuadrao-apple-name-xcode/Build/Intermediates.noindex/ArgusFoundation.build/Debug-iphonesimulator/ArgusFoundation.build/ArgusFoundation-generated-files.hmap -Xcc -I/tmp/cuadrao-apple-name-xcode/Build/Intermediates.noindex/ArgusFoundation.build/Debug-iphonesimulator/ArgusFoundation.build/ArgusFoundation-own-target-headers.hmap -Xcc -I/tmp/cuadrao-apple-name-xcode/Build/Intermediates.noindex/ArgusFoundation.build/Debug-iphonesimulator/ArgusFoundation.build/ArgusFoundation-all-non-framework-target-headers.hmap -Xcc -ivfsoverlay -Xcc /tmp/cuadrao-apple-name-xcode/Build/Intermediates.noindex/ArgusFoundation.build/Debug-iphonesimulator/ArgusFoundation-4b5f52643afcc14b6dbf13e25e651fe7-VFS-iphonesimulator/all-product-headers.yaml -Xcc -iquote -Xcc /tmp/cuadrao-apple-name-xcode/Build/Intermediates.noindex/ArgusFoundation.build/Debug-iphonesimulator/ArgusFoundation.build/ArgusFoundation-project-headers.hmap -Xcc -I/tmp/cuadrao-apple-session-xcode-packages/checkouts/AppAuth-iOS/Sources/AppAuth -Xcc -I/tmp/cuadrao-apple-session-xcode-packages/checkouts/AppAuth-iOS/Sources/AppAuthCore -Xcc -I/tmp/cuadrao-apple-session-xcode-packages/checkouts/promises/Sources/FBLPromises/include -Xcc -I/tmp/cuadrao-apple-session-xcode-packages/checkouts/GoogleUtilities/GoogleUtilities/Logger/Public -Xcc -I/tmp/cuadrao-apple-session-xcode-packages/checkouts/GoogleUtilities/GoogleUtilities/Environment/Public -Xcc -I/tmp/cuadrao-apple-session-xcode-packages/checkouts/GoogleUtilities/third_party/IsAppEncrypted/Public -Xcc -I/tmp/cuadrao-apple-session-xcode-packages/checkouts/GoogleUtilities/GoogleUtilities/UserDefaults/Public -Xcc -I/tmp/cuadrao-apple-session-xcode-packages/checkouts/app-check/AppCheckCore/Sources/Public -Xcc -I/tmp/cuadrao-apple-session-xcode-packages/checkouts/gtm-session-fetcher/Sources/Core/Public -Xcc -I/tmp/cuadrao-apple-session-xcode-packages/checkouts/GoogleSignIn-iOS/GoogleSignIn/Sources/Public -Xcc -I/tmp/cuadrao-apple-name-xcode/Build/Products/Debug-iphonesimulator/include -Xcc -I/tmp/cuadrao-apple-name-xcode/Build/Intermediates.noindex/ArgusFoundation.build/Debug-iphonesimulator/ArgusFoundation.build/DerivedSources-normal/arm64 -Xcc -I/tmp/cuadrao-apple-name-xcode/Build/Intermediates.noindex/ArgusFoundation.build/Debug-iphonesimulator/ArgusFoundation.build/DerivedSources/arm64 -Xcc -I/tmp/cuadrao-apple-name-xcode/Build/Intermediates.noindex/ArgusFoundation.build/Debug-iphonesimulator/ArgusFoundation.build/DerivedSources -emit-objc-header -emit-objc-header-path /tmp/cuadrao-apple-name-xcode/Build/Intermediates.noindex/ArgusFoundation.build/Debug-iphonesimulator/ArgusFoundation.build/Objects-normal/arm64/ArgusFoundation-Swift.h -working-directory /tmp/cuadrao-apple-name-independent/ios -experimental-emit-module-separately -disable-cmo

Ld /tmp/cuadrao-apple-name-xcode/Build/Products/Debug-iphonesimulator/ArgusFoundation.app/ArgusFoundation.debug.dylib normal (in target 'ArgusFoundation' from project 'ArgusFoundation')
    cd /tmp/cuadrao-apple-name-independent/ios
    /Applications/Xcode.app/Contents/Developer/Toolchains/XcodeDefault.xctoolchain/usr/bin/clang -Xlinker -reproducible -target arm64-apple-ios17.0-simulator -dynamiclib -isysroot /Applications/Xcode.app/Contents/Developer/Platforms/iPhoneSimulator.platform/Developer/SDKs/iPhoneSimulator27.0.sdk -Os -Xlinker -no_warn_duplicate_libraries -L/tmp/cuadrao-apple-name-xcode/Build/Intermediates.noindex/EagerLinkingTBDs/Debug-iphonesimulator -L/tmp/cuadrao-apple-name-xcode/Build/Products/Debug-iphonesimulator -F/tmp/cuadrao-apple-name-xcode/Build/Intermediates.noindex/EagerLinkingTBDs/Debug-iphonesimulator -F/tmp/cuadrao-apple-name-xcode/Build/Products/Debug-iphonesimulator/PackageFrameworks -F/tmp/cuadrao-apple-name-xcode/Build/Products/Debug-iphonesimulator -filelist /tmp/cuadrao-apple-name-xcode/Build/Intermediates.noindex/ArgusFoundation.build/Debug-iphonesimulator/ArgusFoundation.build/Objects-normal/arm64/ArgusFoundation.LinkFileList -install_name @rpath/ArgusFoundation.debug.dylib -Xlinker -rpath -Xlinker /usr/lib/swift -Xlinker -rpath -Xlinker @loader_path -Xlinker -rpath -Xlinker /tmp/cuadrao-apple-name-xcode/Build/Products/Debug-iphonesimulator/PackageFrameworks -Xlinker -dead_strip -Xlinker -object_path_lto -Xlinker /tmp/cuadrao-apple-name-xcode/Build/Intermediates.noindex/ArgusFoundation.build/Debug-iphonesimulator/ArgusFoundation.build/Objects-normal/arm64/ArgusFoundation_lto.o -rdynamic -Xlinker -objc_abi_version -Xlinker 2 -Xlinker -dependency_info -Xlinker /tmp/cuadrao-apple-name-xcode/Build/Intermediates.noindex/ArgusFoundation.build/Debug-iphonesimulator/ArgusFoundation.build/Objects-normal/arm64/ArgusFoundation_dependency_info.dat -fobjc-link-runtime -L/Applications/Xcode.app/Contents/Developer/Toolchains/XcodeDefault.xctoolchain/usr/lib/swift/iphonesimulator -L/usr/lib/swift -Xlinker -add_ast_path -Xlinker /tmp/cuadrao-apple-name-xcode/Build/Intermediates.noindex/ArgusFoundation.build/Debug-iphonesimulator/ArgusFoundation.build/Objects-normal/arm64/ArgusFoundation.swiftmodule -framework CoreGraphics -framework CoreText -framework Foundation -framework LocalAuthentication -framework Security -framework UIKit -framework Security -framework DeviceCheck -Xlinker -alias -Xlinker _main -Xlinker ___debug_main_executable_dylib_entry_point -Xlinker -no_adhoc_codesign -o /tmp/cuadrao-apple-name-xcode/Build/Products/Debug-iphonesimulator/ArgusFoundation.app/ArgusFoundation.debug.dylib

SwiftExplicitDependencyGeneratePcm arm64 /tmp/cuadrao-apple-name-xcode/Build/Intermediates.noindex/SwiftExplicitPrecompiledModules/XCUIAutomation-9XKCBBTAGJ5AOWRFSZ6Z2LF87.pcm

ConstructStubExecutorLinkFileList /tmp/cuadrao-apple-name-xcode/Build/Intermediates.noindex/ArgusFoundation.build/Debug-iphonesimulator/ArgusFoundation.build/ArgusFoundation-ExecutorLinkFileList-normal-arm64.txt (in target 'ArgusFoundation' from project 'ArgusFoundation')
    cd /tmp/cuadrao-apple-name-independent/ios
    construct-stub-executor-link-file-list /tmp/cuadrao-apple-name-xcode/Build/Products/Debug-iphonesimulator/ArgusFoundation.app/ArgusFoundation.debug.dylib /Applications/Xcode.app/Contents/Developer/Platforms/iPhoneSimulator.platform/Developer/usr/lib/libPreviewsJITStubExecutor_no_swift_entry_point.a /Applications/Xcode.app/Contents/Developer/Platforms/iPhoneSimulator.platform/Developer/usr/lib/libPreviewsJITStubExecutor.a --output /tmp/cuadrao-apple-name-xcode/Build/Intermediates.noindex/ArgusFoundation.build/Debug-iphonesimulator/ArgusFoundation.build/ArgusFoundation-ExecutorLinkFileList-normal-arm64.txt
note: Using stub executor library with Swift entry point. (in target 'ArgusFoundation' from project 'ArgusFoundation')

Ld /tmp/cuadrao-apple-name-xcode/Build/Products/Debug-iphonesimulator/ArgusFoundation.app/ArgusFoundation normal (in target 'ArgusFoundation' from project 'ArgusFoundation')
    cd /tmp/cuadrao-apple-name-independent/ios
    /Applications/Xcode.app/Contents/Developer/Toolchains/XcodeDefault.xctoolchain/usr/bin/clang -Xlinker -reproducible -target arm64-apple-ios17.0-simulator -isysroot /Applications/Xcode.app/Contents/Developer/Platforms/iPhoneSimulator.platform/Developer/SDKs/iPhoneSimulator27.0.sdk -Os -Xlinker -no_warn_duplicate_libraries -L/tmp/cuadrao-apple-name-xcode/Build/Products/Debug-iphonesimulator -F/tmp/cuadrao-apple-name-xcode/Build/Products/Debug-iphonesimulator/PackageFrameworks -F/tmp/cuadrao-apple-name-xcode/Build/Products/Debug-iphonesimulator -Xlinker -rpath -Xlinker @executable_path -Xlinker -rpath -Xlinker @loader_path -Xlinker -rpath -Xlinker /tmp/cuadrao-apple-name-xcode/Build/Products/Debug-iphonesimulator/PackageFrameworks -rdynamic -Xlinker -objc_abi_version -Xlinker 2 -e ___debug_blank_executor_main -Xlinker -sectcreate -Xlinker __TEXT -Xlinker __debug_dylib -Xlinker /tmp/cuadrao-apple-name-xcode/Build/Intermediates.noindex/ArgusFoundation.build/Debug-iphonesimulator/ArgusFoundation.build/ArgusFoundation-DebugDylibPath-normal-arm64.txt -Xlinker -sectcreate -Xlinker __TEXT -Xlinker __debug_instlnm -Xlinker /tmp/cuadrao-apple-name-xcode/Build/Intermediates.noindex/ArgusFoundation.build/Debug-iphonesimulator/ArgusFoundation.build/ArgusFoundation-DebugDylibInstallName-normal-arm64.txt -Xlinker -filelist -Xlinker /tmp/cuadrao-apple-name-xcode/Build/Intermediates.noindex/ArgusFoundation.build/Debug-iphonesimulator/ArgusFoundation.build/ArgusFoundation-ExecutorLinkFileList-normal-arm64.txt -Xlinker -sectcreate -Xlinker __TEXT -Xlinker __entitlements -Xlinker /tmp/cuadrao-apple-name-xcode/Build/Intermediates.noindex/ArgusFoundation.build/Debug-iphonesimulator/ArgusFoundation.build/ArgusFoundation.app-Simulated.xcent -Xlinker -sectcreate -Xlinker __TEXT -Xlinker __ents_der -Xlinker /tmp/cuadrao-apple-name-xcode/Build/Intermediates.noindex/ArgusFoundation.build/Debug-iphonesimulator/ArgusFoundation.build/ArgusFoundation.app-Simulated.xcent.der /tmp/cuadrao-apple-name-xcode/Build/Products/Debug-iphonesimulator/ArgusFoundation.app/ArgusFoundation.debug.dylib -Xlinker -no_adhoc_codesign -o /tmp/cuadrao-apple-name-xcode/Build/Products/Debug-iphonesimulator/ArgusFoundation.app/ArgusFoundation

SwiftExplicitDependencyCompileModuleFromInterface arm64 /tmp/cuadrao-apple-name-xcode/Build/Intermediates.noindex/SwiftExplicitPrecompiledModules/XCUIAutomation-3S9NKQ75QRZXO.swiftmodule

SwiftExplicitDependencyGeneratePcm arm64 /tmp/cuadrao-apple-name-xcode/Build/Intermediates.noindex/SwiftExplicitPrecompiledModules/XCTest-4RC51FYA3GW3G625IHSBCXVCM.pcm

CopySwiftLibs /tmp/cuadrao-apple-name-xcode/Build/Products/Debug-iphonesimulator/ArgusFoundation.app (in target 'ArgusFoundation' from project 'ArgusFoundation')
    cd /tmp/cuadrao-apple-name-independent/ios
    builtin-swiftStdLibTool --copy --verbose --sign - --scan-executable /tmp/cuadrao-apple-name-xcode/Build/Products/Debug-iphonesimulator/ArgusFoundation.app/ArgusFoundation.debug.dylib --scan-folder /tmp/cuadrao-apple-name-xcode/Build/Products/Debug-iphonesimulator/ArgusFoundation.app/Frameworks --scan-folder /tmp/cuadrao-apple-name-xcode/Build/Products/Debug-iphonesimulator/ArgusFoundation.app/PlugIns --scan-folder /tmp/cuadrao-apple-name-xcode/Build/Products/Debug-iphonesimulator/ArgusFoundation.app/SystemExtensions --scan-folder /tmp/cuadrao-apple-name-xcode/Build/Products/Debug-iphonesimulator/ArgusFoundation.app/Extensions --platform iphonesimulator --toolchain /Applications/Xcode.app/Contents/Developer/Toolchains/XcodeDefault.xctoolchain --destination /tmp/cuadrao-apple-name-xcode/Build/Products/Debug-iphonesimulator/ArgusFoundation.app/Frameworks --strip-bitcode --strip-bitcode-tool /Applications/Xcode.app/Contents/Developer/Toolchains/XcodeDefault.xctoolchain/usr/bin/bitcode_strip --emit-dependency-info /tmp/cuadrao-apple-name-xcode/Build/Intermediates.noindex/ArgusFoundation.build/Debug-iphonesimulator/ArgusFoundation.build/SwiftStdLibToolInputDependencies.dep --filter-for-swift-os

ExtractAppIntentsMetadata (in target 'ArgusFoundation' from project 'ArgusFoundation')
    cd /tmp/cuadrao-apple-name-independent/ios
    /Applications/Xcode.app/Contents/Developer/Toolchains/XcodeDefault.xctoolchain/usr/bin/appintentsmetadataprocessor --toolchain-dir /Applications/Xcode.app/Contents/Developer/Toolchains/XcodeDefault.xctoolchain --module-name ArgusFoundation --sdk-root /Applications/Xcode.app/Contents/Developer/Platforms/iPhoneSimulator.platform/Developer/SDKs/iPhoneSimulator27.0.sdk --xcode-version 27A266a --platform-family iOS --deployment-target 17.0 --bundle-identifier local.argus.apple-name-independent --output /tmp/cuadrao-apple-name-xcode/Build/Products/Debug-iphonesimulator/ArgusFoundation.app --target-triple arm64-apple-ios17.0-simulator --binary-file /tmp/cuadrao-apple-name-xcode/Build/Products/Debug-iphonesimulator/ArgusFoundation.app/ArgusFoundation --dependency-file /tmp/cuadrao-apple-name-xcode/Build/Intermediates.noindex/ArgusFoundation.build/Debug-iphonesimulator/ArgusFoundation.build/Objects-normal/arm64/ArgusFoundation_dependency_info.dat --stringsdata-file /tmp/cuadrao-apple-name-xcode/Build/Intermediates.noindex/ArgusFoundation.build/Debug-iphonesimulator/ArgusFoundation.build/Objects-normal/arm64/ExtractedAppShortcutsMetadata.stringsdata --source-file-list /tmp/cuadrao-apple-name-xcode/Build/Intermediates.noindex/ArgusFoundation.build/Debug-iphonesimulator/ArgusFoundation.build/Objects-normal/arm64/ArgusFoundation.SwiftFileList --metadata-file-list /tmp/cuadrao-apple-name-xcode/Build/Intermediates.noindex/ArgusFoundation.build/Debug-iphonesimulator/ArgusFoundation.build/ArgusFoundation.DependencyMetadataFileList --static-metadata-file-list /tmp/cuadrao-apple-name-xcode/Build/Intermediates.noindex/ArgusFoundation.build/Debug-iphonesimulator/ArgusFoundation.build/ArgusFoundation.DependencyStaticMetadataFileList --swift-const-vals-list /tmp/cuadrao-apple-name-xcode/Build/Intermediates.noindex/ArgusFoundation.build/Debug-iphonesimulator/ArgusFoundation.build/Objects-normal/arm64/ArgusFoundation.SwiftConstValuesFileList --compile-time-extraction --deployment-aware-processing --no-app-shortcuts-localization
2026-10-05 21:18:26.816 appintentsmetadataprocessor[67824:12299082] Starting appintentsmetadataprocessor export
2026-10-05 21:18:26.818 appintentsmetadataprocessor[67824:12299082] warning: Metadata extraction skipped, no AppIntents.framework dependency found

AppIntentsSSUTraining (in target 'ArgusFoundation' from project 'ArgusFoundation')
    cd /tmp/cuadrao-apple-name-independent/ios
    /Applications/Xcode.app/Contents/Developer/Toolchains/XcodeDefault.xctoolchain/usr/bin/appintentsnltrainingprocessor --infoplist-path /tmp/cuadrao-apple-name-xcode/Build/Products/Debug-iphonesimulator/ArgusFoundation.app/Info.plist --temp-dir-path /tmp/cuadrao-apple-name-xcode/Build/Intermediates.noindex/ArgusFoundation.build/Debug-iphonesimulator/ArgusFoundation.build/ssu --bundle-id local.argus.apple-name-independent --product-path /tmp/cuadrao-apple-name-xcode/Build/Products/Debug-iphonesimulator/ArgusFoundation.app --extracted-metadata-path /tmp/cuadrao-apple-name-xcode/Build/Products/Debug-iphonesimulator/ArgusFoundation.app/Metadata.appintents --metadata-file-list /tmp/cuadrao-apple-name-xcode/Build/Intermediates.noindex/ArgusFoundation.build/Debug-iphonesimulator/ArgusFoundation.build/ArgusFoundation.DependencyMetadataFileList --source-file /tmp/cuadrao-apple-name-xcode/Build/Products/Debug-iphonesimulator/ArgusFoundation.app/Info.plist --archive-ssu-assets
2026-10-05 21:18:26.840 appintentsnltrainingprocessor[67825:12299083] Parsing options for appintentsnltrainingprocessor
2026-10-05 21:18:26.840 appintentsnltrainingprocessor[67825:12299083] Starting AppIntents SSU YAML Generation
2026-10-05 21:18:26.842 appintentsnltrainingprocessor[67825:12299083] No AppShortcuts found - Skipping.

CodeSign /tmp/cuadrao-apple-name-xcode/Build/Products/Debug-iphonesimulator/ArgusFoundation.app/ArgusFoundation.debug.dylib (in target 'ArgusFoundation' from project 'ArgusFoundation')
    cd /tmp/cuadrao-apple-name-independent/ios

    Signing Identity:     "Sign to Run Locally"

    /usr/bin/codesign --force --sign - --timestamp\=none --generate-entitlement-der /tmp/cuadrao-apple-name-xcode/Build/Products/Debug-iphonesimulator/ArgusFoundation.app/ArgusFoundation.debug.dylib

SwiftExplicitDependencyCompileModuleFromInterface arm64 /tmp/cuadrao-apple-name-xcode/Build/Intermediates.noindex/SwiftExplicitPrecompiledModules/XCTest-P4G595HDT729.swiftmodule

CodeSign /tmp/cuadrao-apple-name-xcode/Build/Products/Debug-iphonesimulator/ArgusFoundation.app/__preview.dylib (in target 'ArgusFoundation' from project 'ArgusFoundation')
    cd /tmp/cuadrao-apple-name-independent/ios

    Signing Identity:     "Sign to Run Locally"

    /usr/bin/codesign --force --sign - --timestamp\=none --generate-entitlement-der /tmp/cuadrao-apple-name-xcode/Build/Products/Debug-iphonesimulator/ArgusFoundation.app/__preview.dylib

CodeSign /tmp/cuadrao-apple-name-xcode/Build/Products/Debug-iphonesimulator/ArgusFoundation.app (in target 'ArgusFoundation' from project 'ArgusFoundation')
    cd /tmp/cuadrao-apple-name-independent/ios

    Signing Identity:     "Sign to Run Locally"

    /usr/bin/codesign --force --sign - --entitlements /tmp/cuadrao-apple-name-xcode/Build/Intermediates.noindex/ArgusFoundation.build/Debug-iphonesimulator/ArgusFoundation.build/ArgusFoundation.app.xcent --timestamp\=none --generate-entitlement-der /tmp/cuadrao-apple-name-xcode/Build/Products/Debug-iphonesimulator/ArgusFoundation.app

RegisterExecutionPolicyException /tmp/cuadrao-apple-name-xcode/Build/Products/Debug-iphonesimulator/ArgusFoundation.app (in target 'ArgusFoundation' from project 'ArgusFoundation')
    cd /tmp/cuadrao-apple-name-independent/ios
    builtin-RegisterExecutionPolicyException /tmp/cuadrao-apple-name-xcode/Build/Products/Debug-iphonesimulator/ArgusFoundation.app

Validate /tmp/cuadrao-apple-name-xcode/Build/Products/Debug-iphonesimulator/ArgusFoundation.app (in target 'ArgusFoundation' from project 'ArgusFoundation')
    cd /tmp/cuadrao-apple-name-independent/ios
    builtin-validationUtility /tmp/cuadrao-apple-name-xcode/Build/Products/Debug-iphonesimulator/ArgusFoundation.app -shallow-bundle -infoplist-subpath Info.plist

SwiftEmitModule normal arm64 Emitting\ module\ for\ ArgusFoundationUITests (in target 'ArgusFoundationUITests' from project 'ArgusFoundation')

SwiftCompile normal arm64 (in target 'ArgusFoundationUITests' from project 'ArgusFoundation')
    cd /tmp/cuadrao-apple-name-independent/ios


SwiftCompile normal arm64 Compiling\ SearchUITests.swift,\ SharedHouseholdPlanningUITests.swift /tmp/cuadrao-apple-name-independent/ios/ArgusFoundationUITests/SearchUITests.swift /tmp/cuadrao-apple-name-independent/ios/ArgusFoundationUITests/SharedHouseholdPlanningUITests.swift (in target 'ArgusFoundationUITests' from project 'ArgusFoundation')

SwiftCompile normal arm64 /tmp/cuadrao-apple-name-independent/ios/ArgusFoundationUITests/SearchUITests.swift (in target 'ArgusFoundationUITests' from project 'ArgusFoundation')
    cd /tmp/cuadrao-apple-name-independent/ios
    builtin-SwiftPerFileCompile SearchUITests.swift

SwiftCompile normal arm64 /tmp/cuadrao-apple-name-independent/ios/ArgusFoundationUITests/SharedHouseholdPlanningUITests.swift (in target 'ArgusFoundationUITests' from project 'ArgusFoundation')
    cd /tmp/cuadrao-apple-name-independent/ios
    builtin-SwiftPerFileCompile SharedHouseholdPlanningUITests.swift

SwiftCompile normal arm64 Compiling\ FinancialLoopUITests.swift,\ FoundationUITests.swift /tmp/cuadrao-apple-name-independent/ios/ArgusFoundationUITests/FinancialLoopUITests.swift /tmp/cuadrao-apple-name-independent/ios/ArgusFoundationUITests/FoundationUITests.swift (in target 'ArgusFoundationUITests' from project 'ArgusFoundation')

SwiftCompile normal arm64 /tmp/cuadrao-apple-name-independent/ios/ArgusFoundationUITests/FinancialLoopUITests.swift (in target 'ArgusFoundationUITests' from project 'ArgusFoundation')
    cd /tmp/cuadrao-apple-name-independent/ios
    builtin-SwiftPerFileCompile FinancialLoopUITests.swift

SwiftCompile normal arm64 /tmp/cuadrao-apple-name-independent/ios/ArgusFoundationUITests/FoundationUITests.swift (in target 'ArgusFoundationUITests' from project 'ArgusFoundation')
    cd /tmp/cuadrao-apple-name-independent/ios
    builtin-SwiftPerFileCompile FoundationUITests.swift

SwiftCompile normal arm64 Compiling\ PersonalMoneyUITests.swift,\ ReleaseUIJourneyTests.swift /tmp/cuadrao-apple-name-independent/ios/ArgusFoundationUITests/PersonalMoneyUITests.swift /tmp/cuadrao-apple-name-independent/ios/ArgusFoundationUITests/ReleaseUIJourneyTests.swift (in target 'ArgusFoundationUITests' from project 'ArgusFoundation')

SwiftCompile normal arm64 /tmp/cuadrao-apple-name-independent/ios/ArgusFoundationUITests/PersonalMoneyUITests.swift (in target 'ArgusFoundationUITests' from project 'ArgusFoundation')
    cd /tmp/cuadrao-apple-name-independent/ios
    builtin-SwiftPerFileCompile PersonalMoneyUITests.swift

SwiftCompile normal arm64 /tmp/cuadrao-apple-name-independent/ios/ArgusFoundationUITests/ReleaseUIJourneyTests.swift (in target 'ArgusFoundationUITests' from project 'ArgusFoundation')
    cd /tmp/cuadrao-apple-name-independent/ios
    builtin-SwiftPerFileCompile ReleaseUIJourneyTests.swift

SwiftCompile normal arm64 Compiling\ InvitationsUITests.swift,\ NativeProviderAppearanceUITests.swift /tmp/cuadrao-apple-name-independent/ios/ArgusFoundationUITests/InvitationsUITests.swift /tmp/cuadrao-apple-name-independent/ios/ArgusFoundationUITests/NativeProviderAppearanceUITests.swift (in target 'ArgusFoundationUITests' from project 'ArgusFoundation')

SwiftCompile normal arm64 /tmp/cuadrao-apple-name-independent/ios/ArgusFoundationUITests/InvitationsUITests.swift (in target 'ArgusFoundationUITests' from project 'ArgusFoundation')
    cd /tmp/cuadrao-apple-name-independent/ios
    builtin-SwiftPerFileCompile InvitationsUITests.swift

SwiftCompile normal arm64 /tmp/cuadrao-apple-name-independent/ios/ArgusFoundationUITests/NativeProviderAppearanceUITests.swift (in target 'ArgusFoundationUITests' from project 'ArgusFoundation')
    cd /tmp/cuadrao-apple-name-independent/ios
    builtin-SwiftPerFileCompile NativeProviderAppearanceUITests.swift

SwiftCompile normal arm64 Compiling\ CuadraoReceiptUITests.swift,\ CuadraoSignInPresentationUITests.swift /tmp/cuadrao-apple-name-independent/ios/ArgusFoundationUITests/CuadraoReceiptUITests.swift /tmp/cuadrao-apple-name-independent/ios/ArgusFoundationUITests/CuadraoSignInPresentationUITests.swift (in target 'ArgusFoundationUITests' from project 'ArgusFoundation')

SwiftCompile normal arm64 /tmp/cuadrao-apple-name-independent/ios/ArgusFoundationUITests/CuadraoReceiptUITests.swift (in target 'ArgusFoundationUITests' from project 'ArgusFoundation')
    cd /tmp/cuadrao-apple-name-independent/ios
    builtin-SwiftPerFileCompile CuadraoReceiptUITests.swift

SwiftCompile normal arm64 /tmp/cuadrao-apple-name-independent/ios/ArgusFoundationUITests/CuadraoSignInPresentationUITests.swift (in target 'ArgusFoundationUITests' from project 'ArgusFoundation')
    cd /tmp/cuadrao-apple-name-independent/ios
    builtin-SwiftPerFileCompile CuadraoSignInPresentationUITests.swift

SwiftCompile normal arm64 Compiling\ CuadraoProfileFollowupUITests.swift,\ CuadraoReceiptPermissionUITests.swift /tmp/cuadrao-apple-name-independent/ios/ArgusFoundationUITests/CuadraoProfileFollowupUITests.swift /tmp/cuadrao-apple-name-independent/ios/ArgusFoundationUITests/CuadraoReceiptPermissionUITests.swift (in target 'ArgusFoundationUITests' from project 'ArgusFoundation')

SwiftCompile normal arm64 /tmp/cuadrao-apple-name-independent/ios/ArgusFoundationUITests/CuadraoProfileFollowupUITests.swift (in target 'ArgusFoundationUITests' from project 'ArgusFoundation')
    cd /tmp/cuadrao-apple-name-independent/ios
    builtin-SwiftPerFileCompile CuadraoProfileFollowupUITests.swift

SwiftCompile normal arm64 /tmp/cuadrao-apple-name-independent/ios/ArgusFoundationUITests/CuadraoReceiptPermissionUITests.swift (in target 'ArgusFoundationUITests' from project 'ArgusFoundation')
    cd /tmp/cuadrao-apple-name-independent/ios
    builtin-SwiftPerFileCompile CuadraoReceiptPermissionUITests.swift

SwiftCompile normal arm64 Compiling\ HouseholdUITests.swift,\ IndependentAppleNameUITests.swift /tmp/cuadrao-apple-name-independent/ios/ArgusFoundationUITests/HouseholdUITests.swift /tmp/cuadrao-apple-name-independent/ios/ArgusFoundationUITests/IndependentAppleNameUITests.swift (in target 'ArgusFoundationUITests' from project 'ArgusFoundation')

SwiftCompile normal arm64 /tmp/cuadrao-apple-name-independent/ios/ArgusFoundationUITests/HouseholdUITests.swift (in target 'ArgusFoundationUITests' from project 'ArgusFoundation')
    cd /tmp/cuadrao-apple-name-independent/ios
    builtin-SwiftPerFileCompile HouseholdUITests.swift

SwiftCompile normal arm64 /tmp/cuadrao-apple-name-independent/ios/ArgusFoundationUITests/IndependentAppleNameUITests.swift (in target 'ArgusFoundationUITests' from project 'ArgusFoundation')
    cd /tmp/cuadrao-apple-name-independent/ios
    builtin-SwiftPerFileCompile IndependentAppleNameUITests.swift

SwiftCompile normal arm64 Compiling\ CuadraoPlanCurrencyUITests.swift,\ CuadraoPlanDesignUITests.swift /tmp/cuadrao-apple-name-independent/ios/ArgusFoundationUITests/CuadraoPlanCurrencyUITests.swift /tmp/cuadrao-apple-name-independent/ios/ArgusFoundationUITests/CuadraoPlanDesignUITests.swift (in target 'ArgusFoundationUITests' from project 'ArgusFoundation')

SwiftCompile normal arm64 /tmp/cuadrao-apple-name-independent/ios/ArgusFoundationUITests/CuadraoPlanCurrencyUITests.swift (in target 'ArgusFoundationUITests' from project 'ArgusFoundation')
    cd /tmp/cuadrao-apple-name-independent/ios
    builtin-SwiftPerFileCompile CuadraoPlanCurrencyUITests.swift

SwiftCompile normal arm64 /tmp/cuadrao-apple-name-independent/ios/ArgusFoundationUITests/CuadraoPlanDesignUITests.swift (in target 'ArgusFoundationUITests' from project 'ArgusFoundation')
    cd /tmp/cuadrao-apple-name-independent/ios
    builtin-SwiftPerFileCompile CuadraoPlanDesignUITests.swift

SwiftCompile normal arm64 Compiling\ CuadraoPolishUITests.swift,\ CuadraoPreviewLaunch.swift /tmp/cuadrao-apple-name-independent/ios/ArgusFoundationUITests/CuadraoPolishUITests.swift /tmp/cuadrao-apple-name-independent/ios/ArgusFoundationUITests/CuadraoPreviewLaunch.swift (in target 'ArgusFoundationUITests' from project 'ArgusFoundation')

SwiftCompile normal arm64 /tmp/cuadrao-apple-name-independent/ios/ArgusFoundationUITests/CuadraoPolishUITests.swift (in target 'ArgusFoundationUITests' from project 'ArgusFoundation')
    cd /tmp/cuadrao-apple-name-independent/ios
    builtin-SwiftPerFileCompile CuadraoPolishUITests.swift

SwiftCompile normal arm64 /tmp/cuadrao-apple-name-independent/ios/ArgusFoundationUITests/CuadraoPreviewLaunch.swift (in target 'ArgusFoundationUITests' from project 'ArgusFoundation')
    cd /tmp/cuadrao-apple-name-independent/ios
    builtin-SwiftPerFileCompile CuadraoPreviewLaunch.swift

SwiftCompile normal arm64 Compiling\ CuadraoContextUITests.swift,\ CuadraoGroupDesignUITests.swift /tmp/cuadrao-apple-name-independent/ios/ArgusFoundationUITests/CuadraoContextUITests.swift /tmp/cuadrao-apple-name-independent/ios/ArgusFoundationUITests/CuadraoGroupDesignUITests.swift (in target 'ArgusFoundationUITests' from project 'ArgusFoundation')

SwiftCompile normal arm64 /tmp/cuadrao-apple-name-independent/ios/ArgusFoundationUITests/CuadraoContextUITests.swift (in target 'ArgusFoundationUITests' from project 'ArgusFoundation')
    cd /tmp/cuadrao-apple-name-independent/ios
    builtin-SwiftPerFileCompile CuadraoContextUITests.swift

SwiftCompile normal arm64 /tmp/cuadrao-apple-name-independent/ios/ArgusFoundationUITests/CuadraoGroupDesignUITests.swift (in target 'ArgusFoundationUITests' from project 'ArgusFoundation')
    cd /tmp/cuadrao-apple-name-independent/ios
    builtin-SwiftPerFileCompile CuadraoGroupDesignUITests.swift

SwiftCompile normal arm64 Compiling\ CuadraoCollectionUITests.swift,\ CuadraoConsistencyUITests.swift /tmp/cuadrao-apple-name-independent/ios/ArgusFoundationUITests/CuadraoCollectionUITests.swift /tmp/cuadrao-apple-name-independent/ios/ArgusFoundationUITests/CuadraoConsistencyUITests.swift (in target 'ArgusFoundationUITests' from project 'ArgusFoundation')

SwiftCompile normal arm64 /tmp/cuadrao-apple-name-independent/ios/ArgusFoundationUITests/CuadraoCollectionUITests.swift (in target 'ArgusFoundationUITests' from project 'ArgusFoundation')
    cd /tmp/cuadrao-apple-name-independent/ios
    builtin-SwiftPerFileCompile CuadraoCollectionUITests.swift

SwiftCompile normal arm64 /tmp/cuadrao-apple-name-independent/ios/ArgusFoundationUITests/CuadraoConsistencyUITests.swift (in target 'ArgusFoundationUITests' from project 'ArgusFoundation')
    cd /tmp/cuadrao-apple-name-independent/ios
    builtin-SwiftPerFileCompile CuadraoConsistencyUITests.swift

SwiftCompile normal arm64 Compiling\ ConnectedChrome.swift,\ ConnectedDebtUITests.swift /tmp/cuadrao-apple-name-independent/ios/ArgusFoundationUITests/ConnectedChrome.swift /tmp/cuadrao-apple-name-independent/ios/ArgusFoundationUITests/ConnectedDebtUITests.swift (in target 'ArgusFoundationUITests' from project 'ArgusFoundation')

SwiftCompile normal arm64 /tmp/cuadrao-apple-name-independent/ios/ArgusFoundationUITests/ConnectedChrome.swift (in target 'ArgusFoundationUITests' from project 'ArgusFoundation')
    cd /tmp/cuadrao-apple-name-independent/ios
    builtin-SwiftPerFileCompile ConnectedChrome.swift

SwiftCompile normal arm64 /tmp/cuadrao-apple-name-independent/ios/ArgusFoundationUITests/ConnectedDebtUITests.swift (in target 'ArgusFoundationUITests' from project 'ArgusFoundation')
    cd /tmp/cuadrao-apple-name-independent/ios
    builtin-SwiftPerFileCompile ConnectedDebtUITests.swift

SwiftCompile normal arm64 Compiling\ ConnectedGoalUITests.swift,\ ConnectedHomeGestureUITests.swift /tmp/cuadrao-apple-name-independent/ios/ArgusFoundationUITests/ConnectedGoalUITests.swift /tmp/cuadrao-apple-name-independent/ios/ArgusFoundationUITests/ConnectedHomeGestureUITests.swift (in target 'ArgusFoundationUITests' from project 'ArgusFoundation')

SwiftCompile normal arm64 /tmp/cuadrao-apple-name-independent/ios/ArgusFoundationUITests/ConnectedGoalUITests.swift (in target 'ArgusFoundationUITests' from project 'ArgusFoundation')
    cd /tmp/cuadrao-apple-name-independent/ios
    builtin-SwiftPerFileCompile ConnectedGoalUITests.swift

SwiftCompile normal arm64 /tmp/cuadrao-apple-name-independent/ios/ArgusFoundationUITests/ConnectedHomeGestureUITests.swift (in target 'ArgusFoundationUITests' from project 'ArgusFoundation')
    cd /tmp/cuadrao-apple-name-independent/ios
    builtin-SwiftPerFileCompile ConnectedHomeGestureUITests.swift

SwiftCompile normal arm64 Compiling\ ConnectedPlanUITests.swift,\ ConnectedRecurringUITests.swift /tmp/cuadrao-apple-name-independent/ios/ArgusFoundationUITests/ConnectedPlanUITests.swift /tmp/cuadrao-apple-name-independent/ios/ArgusFoundationUITests/ConnectedRecurringUITests.swift (in target 'ArgusFoundationUITests' from project 'ArgusFoundation')

SwiftCompile normal arm64 /tmp/cuadrao-apple-name-independent/ios/ArgusFoundationUITests/ConnectedPlanUITests.swift (in target 'ArgusFoundationUITests' from project 'ArgusFoundation')
    cd /tmp/cuadrao-apple-name-independent/ios
    builtin-SwiftPerFileCompile ConnectedPlanUITests.swift

SwiftCompile normal arm64 /tmp/cuadrao-apple-name-independent/ios/ArgusFoundationUITests/ConnectedRecurringUITests.swift (in target 'ArgusFoundationUITests' from project 'ArgusFoundation')
    cd /tmp/cuadrao-apple-name-independent/ios
    builtin-SwiftPerFileCompile ConnectedRecurringUITests.swift

SwiftCompile normal arm64 Compiling\ ConnectedAssetUITests.swift,\ ConnectedBudgetUITests.swift /tmp/cuadrao-apple-name-independent/ios/ArgusFoundationUITests/ConnectedAssetUITests.swift /tmp/cuadrao-apple-name-independent/ios/ArgusFoundationUITests/ConnectedBudgetUITests.swift (in target 'ArgusFoundationUITests' from project 'ArgusFoundation')

SwiftCompile normal arm64 /tmp/cuadrao-apple-name-independent/ios/ArgusFoundationUITests/ConnectedAssetUITests.swift (in target 'ArgusFoundationUITests' from project 'ArgusFoundation')
    cd /tmp/cuadrao-apple-name-independent/ios
    builtin-SwiftPerFileCompile ConnectedAssetUITests.swift

SwiftCompile normal arm64 /tmp/cuadrao-apple-name-independent/ios/ArgusFoundationUITests/ConnectedBudgetUITests.swift (in target 'ArgusFoundationUITests' from project 'ArgusFoundation')
    cd /tmp/cuadrao-apple-name-independent/ios
    builtin-SwiftPerFileCompile ConnectedBudgetUITests.swift

SwiftCompile normal arm64 Compiling\ AppleSessionJourneyUITests.swift,\ AuthJourneyUITests.swift,\ AuthUITests.swift /tmp/cuadrao-apple-name-independent/ios/ArgusFoundationUITests/AppleSessionJourneyUITests.swift /tmp/cuadrao-apple-name-independent/ios/ArgusFoundationUITests/AuthJourneyUITests.swift /tmp/cuadrao-apple-name-independent/ios/ArgusFoundationUITests/AuthUITests.swift (in target 'ArgusFoundationUITests' from project 'ArgusFoundation')

SwiftCompile normal arm64 /tmp/cuadrao-apple-name-independent/ios/ArgusFoundationUITests/AppleSessionJourneyUITests.swift (in target 'ArgusFoundationUITests' from project 'ArgusFoundation')
    cd /tmp/cuadrao-apple-name-independent/ios
    builtin-SwiftPerFileCompile AppleSessionJourneyUITests.swift

SwiftCompile normal arm64 /tmp/cuadrao-apple-name-independent/ios/ArgusFoundationUITests/AuthJourneyUITests.swift (in target 'ArgusFoundationUITests' from project 'ArgusFoundation')
    cd /tmp/cuadrao-apple-name-independent/ios
    builtin-SwiftPerFileCompile AuthJourneyUITests.swift

SwiftCompile normal arm64 /tmp/cuadrao-apple-name-independent/ios/ArgusFoundationUITests/AuthUITests.swift (in target 'ArgusFoundationUITests' from project 'ArgusFoundation')
    cd /tmp/cuadrao-apple-name-independent/ios
    builtin-SwiftPerFileCompile AuthUITests.swift

SwiftCompile normal arm64 Compiling\ CuadraoSupportUITests.swift,\ CuadraoVoiceDesignUITests.swift /tmp/cuadrao-apple-name-independent/ios/ArgusFoundationUITests/CuadraoSupportUITests.swift /tmp/cuadrao-apple-name-independent/ios/ArgusFoundationUITests/CuadraoVoiceDesignUITests.swift (in target 'ArgusFoundationUITests' from project 'ArgusFoundation')

SwiftCompile normal arm64 /tmp/cuadrao-apple-name-independent/ios/ArgusFoundationUITests/CuadraoSupportUITests.swift (in target 'ArgusFoundationUITests' from project 'ArgusFoundation')
    cd /tmp/cuadrao-apple-name-independent/ios
    builtin-SwiftPerFileCompile CuadraoSupportUITests.swift

SwiftCompile normal arm64 /tmp/cuadrao-apple-name-independent/ios/ArgusFoundationUITests/CuadraoVoiceDesignUITests.swift (in target 'ArgusFoundationUITests' from project 'ArgusFoundation')
    cd /tmp/cuadrao-apple-name-independent/ios
    builtin-SwiftPerFileCompile CuadraoVoiceDesignUITests.swift

SwiftCompile normal arm64 Compiling\ CuadraoHistoryDesignUITests.swift,\ CuadraoHomeChartUITests.swift /tmp/cuadrao-apple-name-independent/ios/ArgusFoundationUITests/CuadraoHistoryDesignUITests.swift /tmp/cuadrao-apple-name-independent/ios/ArgusFoundationUITests/CuadraoHomeChartUITests.swift (in target 'ArgusFoundationUITests' from project 'ArgusFoundation')

SwiftCompile normal arm64 /tmp/cuadrao-apple-name-independent/ios/ArgusFoundationUITests/CuadraoHistoryDesignUITests.swift (in target 'ArgusFoundationUITests' from project 'ArgusFoundation')
    cd /tmp/cuadrao-apple-name-independent/ios
    builtin-SwiftPerFileCompile CuadraoHistoryDesignUITests.swift

SwiftCompile normal arm64 /tmp/cuadrao-apple-name-independent/ios/ArgusFoundationUITests/CuadraoHomeChartUITests.swift (in target 'ArgusFoundationUITests' from project 'ArgusFoundation')
    cd /tmp/cuadrao-apple-name-independent/ios
    builtin-SwiftPerFileCompile CuadraoHomeChartUITests.swift

SwiftDriverJobDiscovery normal arm64 Compiling CuadraoPolishUITests.swift, CuadraoPreviewLaunch.swift (in target 'ArgusFoundationUITests' from project 'ArgusFoundation')

SwiftDriverJobDiscovery normal arm64 Compiling CuadraoReceiptUITests.swift, CuadraoSignInPresentationUITests.swift (in target 'ArgusFoundationUITests' from project 'ArgusFoundation')

Touch /tmp/cuadrao-apple-name-xcode/Build/Products/Debug-iphonesimulator/ArgusFoundation.app (in target 'ArgusFoundation' from project 'ArgusFoundation')
    cd /tmp/cuadrao-apple-name-independent/ios
    /usr/bin/touch -c /tmp/cuadrao-apple-name-xcode/Build/Products/Debug-iphonesimulator/ArgusFoundation.app

SwiftDriverJobDiscovery normal arm64 Compiling CuadraoPlanCurrencyUITests.swift, CuadraoPlanDesignUITests.swift (in target 'ArgusFoundationUITests' from project 'ArgusFoundation')

ProcessInfoPlistFile /tmp/cuadrao-apple-name-xcode/Build/Products/Debug-iphonesimulator/ArgusFoundationUITests-Runner.app/PlugIns/ArgusFoundationUITests.xctest/Info.plist /tmp/cuadrao-apple-name-xcode/Build/Intermediates.noindex/ArgusFoundation.build/Debug-iphonesimulator/ArgusFoundationUITests.build/empty-ArgusFoundationUITests.plist (in target 'ArgusFoundationUITests' from project 'ArgusFoundation')
    cd /tmp/cuadrao-apple-name-independent/ios
    builtin-infoPlistUtility /tmp/cuadrao-apple-name-xcode/Build/Intermediates.noindex/ArgusFoundation.build/Debug-iphonesimulator/ArgusFoundationUITests.build/empty-ArgusFoundationUITests.plist -producttype com.apple.product-type.bundle.ui-testing -expandbuildsettings -format binary -platform iphonesimulator -additionalcontentfile /tmp/cuadrao-apple-name-xcode/Build/Intermediates.noindex/ArgusFoundation.build/Debug-iphonesimulator/ArgusFoundationUITests.build/ProductTypeInfoPlistAdditions.plist -o /tmp/cuadrao-apple-name-xcode/Build/Products/Debug-iphonesimulator/ArgusFoundationUITests-Runner.app/PlugIns/ArgusFoundationUITests.xctest/Info.plist

SwiftDriverJobDiscovery normal arm64 Emitting module for ArgusFoundationUITests (in target 'ArgusFoundationUITests' from project 'ArgusFoundation')

SwiftDriver\ Compilation\ Requirements ArgusFoundationUITests normal arm64 com.apple.xcode.tools.swift.compiler (in target 'ArgusFoundationUITests' from project 'ArgusFoundation')
    cd /tmp/cuadrao-apple-name-independent/ios
    builtin-Swift-Compilation-Requirements -- /Applications/Xcode.app/Contents/Developer/Toolchains/XcodeDefault.xctoolchain/usr/bin/swiftc -module-name ArgusFoundationUITests -Onone @/tmp/cuadrao-apple-name-xcode/Build/Intermediates.noindex/ArgusFoundation.build/Debug-iphonesimulator/ArgusFoundationUITests.build/Objects-normal/arm64/ArgusFoundationUITests.SwiftFileList -DDEBUG -module-alias Testing\=_Testing_Unavailable -plugin-path /Applications/Xcode.app/Contents/Developer/Toolchains/XcodeDefault.xctoolchain/usr/lib/swift/host/plugins/testing -enable-bare-slash-regex -enable-experimental-feature DebugDescriptionMacro -sdk /Applications/Xcode.app/Contents/Developer/Platforms/iPhoneSimulator.platform/Developer/SDKs/iPhoneSimulator27.0.sdk -target arm64-apple-ios17.0-simulator -g -module-cache-path /tmp/cuadrao-apple-name-xcode/ModuleCache.noindex -Xfrontend -serialize-debugging-options -enable-testing -index-store-path /tmp/cuadrao-apple-name-xcode/Index.noindex/DataStore -swift-version 5 -I /tmp/cuadrao-apple-name-xcode/Build/Products/Debug-iphonesimulator -Isystem /Applications/Xcode.app/Contents/Developer/Platforms/iPhoneSimulator.platform/Developer/usr/lib -F /tmp/cuadrao-apple-name-xcode/Build/Products/Debug-iphonesimulator -F /Applications/Xcode.app/Contents/Developer/Platforms/iPhoneSimulator.platform/Developer/Library/Frameworks -F /Applications/Xcode.app/Contents/Developer/Platforms/iPhoneSimulator.platform/Developer/SDKs/iPhoneSimulator27.0.sdk/Developer/Library/Frameworks -c -j18 -enable-batch-mode -incremental -Xcc -ivfsstatcache -Xcc /tmp/cuadrao-apple-name-xcode/SDKStatCaches.noindex/iphonesimulator27.0-24A430-8dc58220667be655e1bcc261a7455254.sdkstatcache -output-file-map /tmp/cuadrao-apple-name-xcode/Build/Intermediates.noindex/ArgusFoundation.build/Debug-iphonesimulator/ArgusFoundationUITests.build/Objects-normal/arm64/ArgusFoundationUITests-OutputFileMap.json -save-temps -no-color-diagnostics -explicit-module-build -module-cache-path /tmp/cuadrao-apple-name-xcode/Build/Intermediates.noindex/SwiftExplicitPrecompiledModules -clang-scanner-module-cache-path /tmp/cuadrao-apple-name-xcode/ModuleCache.noindex -sdk-module-cache-path /tmp/cuadrao-apple-name-xcode/SDKExplicitPrecompiledModules -emit-dependencies -emit-module -emit-module-path /tmp/cuadrao-apple-name-xcode/Build/Intermediates.noindex/ArgusFoundation.build/Debug-iphonesimulator/ArgusFoundationUITests.build/Objects-normal/arm64/ArgusFoundationUITests.swiftmodule -serialize-diagnostics -dependency-scan-serialize-diagnostics-path /tmp/cuadrao-apple-name-xcode/Build/Intermediates.noindex/ArgusFoundation.build/Debug-iphonesimulator/ArgusFoundationUITests.build/Objects-normal/arm64/ArgusFoundationUITests-dependency-scan.dia -validate-clang-modules-once -clang-build-session-file /tmp/cuadrao-apple-name-xcode/ModuleCache.noindex/Session.modulevalidation -Xcc -fmodules-prune-interval\=86400 -Xcc -fmodules-prune-after\=345600 -emit-const-values -const-gather-protocols-list /tmp/cuadrao-apple-name-xcode/Build/Intermediates.noindex/ArgusFoundation.build/Debug-iphonesimulator/ArgusFoundationUITests.build/Objects-normal/arm64/ArgusFoundationUITests_const_extract_protocols.json -Xcc -iquote -Xcc /tmp/cuadrao-apple-name-xcode/Build/Intermediates.noindex/ArgusFoundation.build/Debug-iphonesimulator/ArgusFoundationUITests.build/ArgusFoundationUITests-generated-files.hmap -Xcc -I/tmp/cuadrao-apple-name-xcode/Build/Intermediates.noindex/ArgusFoundation.build/Debug-iphonesimulator/ArgusFoundationUITests.build/ArgusFoundationUITests-own-target-headers.hmap -Xcc -I/tmp/cuadrao-apple-name-xcode/Build/Intermediates.noindex/ArgusFoundation.build/Debug-iphonesimulator/ArgusFoundationUITests.build/ArgusFoundationUITests-all-non-framework-target-headers.hmap -Xcc -ivfsoverlay -Xcc /tmp/cuadrao-apple-name-xcode/Build/Intermediates.noindex/ArgusFoundation.build/Debug-iphonesimulator/ArgusFoundation-4b5f52643afcc14b6dbf13e25e651fe7-VFS-iphonesimulator/all-product-headers.yaml -Xcc -iquote -Xcc /tmp/cuadrao-apple-name-xcode/Build/Intermediates.noindex/ArgusFoundation.build/Debug-iphonesimulator/ArgusFoundationUITests.build/ArgusFoundationUITests-project-headers.hmap -Xcc -I/tmp/cuadrao-apple-name-xcode/Build/Products/Debug-iphonesimulator/include -Xcc -I/tmp/cuadrao-apple-name-xcode/Build/Intermediates.noindex/ArgusFoundation.build/Debug-iphonesimulator/ArgusFoundationUITests.build/DerivedSources-normal/arm64 -Xcc -I/tmp/cuadrao-apple-name-xcode/Build/Intermediates.noindex/ArgusFoundation.build/Debug-iphonesimulator/ArgusFoundationUITests.build/DerivedSources/arm64 -Xcc -I/tmp/cuadrao-apple-name-xcode/Build/Intermediates.noindex/ArgusFoundation.build/Debug-iphonesimulator/ArgusFoundationUITests.build/DerivedSources -emit-objc-header -emit-objc-header-path /tmp/cuadrao-apple-name-xcode/Build/Intermediates.noindex/ArgusFoundation.build/Debug-iphonesimulator/ArgusFoundationUITests.build/Objects-normal/arm64/ArgusFoundationUITests-Swift.h -working-directory /tmp/cuadrao-apple-name-independent/ios -experimental-emit-module-separately -disable-cmo

SwiftDriverJobDiscovery normal arm64 Compiling CuadraoContextUITests.swift, CuadraoGroupDesignUITests.swift (in target 'ArgusFoundationUITests' from project 'ArgusFoundation')

SwiftDriverJobDiscovery normal arm64 Compiling ConnectedAssetUITests.swift, ConnectedBudgetUITests.swift (in target 'ArgusFoundationUITests' from project 'ArgusFoundation')

SwiftDriverJobDiscovery normal arm64 Compiling InvitationsUITests.swift, NativeProviderAppearanceUITests.swift (in target 'ArgusFoundationUITests' from project 'ArgusFoundation')

SwiftDriverJobDiscovery normal arm64 Compiling CuadraoProfileFollowupUITests.swift, CuadraoReceiptPermissionUITests.swift (in target 'ArgusFoundationUITests' from project 'ArgusFoundation')

SwiftDriverJobDiscovery normal arm64 Compiling ConnectedChrome.swift, ConnectedDebtUITests.swift (in target 'ArgusFoundationUITests' from project 'ArgusFoundation')

SwiftDriverJobDiscovery normal arm64 Compiling CuadraoCollectionUITests.swift, CuadraoConsistencyUITests.swift (in target 'ArgusFoundationUITests' from project 'ArgusFoundation')

SwiftDriverJobDiscovery normal arm64 Compiling HouseholdUITests.swift, IndependentAppleNameUITests.swift (in target 'ArgusFoundationUITests' from project 'ArgusFoundation')

SwiftDriverJobDiscovery normal arm64 Compiling ConnectedGoalUITests.swift, ConnectedHomeGestureUITests.swift (in target 'ArgusFoundationUITests' from project 'ArgusFoundation')

SwiftDriverJobDiscovery normal arm64 Compiling CuadraoSupportUITests.swift, CuadraoVoiceDesignUITests.swift (in target 'ArgusFoundationUITests' from project 'ArgusFoundation')

SwiftDriverJobDiscovery normal arm64 Compiling ConnectedPlanUITests.swift, ConnectedRecurringUITests.swift (in target 'ArgusFoundationUITests' from project 'ArgusFoundation')

SwiftDriverJobDiscovery normal arm64 Compiling AppleSessionJourneyUITests.swift, AuthJourneyUITests.swift, AuthUITests.swift (in target 'ArgusFoundationUITests' from project 'ArgusFoundation')

SwiftMergeGeneratedHeaders /tmp/cuadrao-apple-name-xcode/Build/Intermediates.noindex/ArgusFoundation.build/Debug-iphonesimulator/ArgusFoundationUITests.build/DerivedSources/ArgusFoundationUITests-Swift.h /tmp/cuadrao-apple-name-xcode/Build/Intermediates.noindex/ArgusFoundation.build/Debug-iphonesimulator/ArgusFoundationUITests.build/Objects-normal/arm64/ArgusFoundationUITests-Swift.h (in target 'ArgusFoundationUITests' from project 'ArgusFoundation')
    cd /tmp/cuadrao-apple-name-independent/ios
    builtin-swiftHeaderTool -arch arm64 /tmp/cuadrao-apple-name-xcode/Build/Intermediates.noindex/ArgusFoundation.build/Debug-iphonesimulator/ArgusFoundationUITests.build/Objects-normal/arm64/ArgusFoundationUITests-Swift.h -o /tmp/cuadrao-apple-name-xcode/Build/Intermediates.noindex/ArgusFoundation.build/Debug-iphonesimulator/ArgusFoundationUITests.build/DerivedSources/ArgusFoundationUITests-Swift.h

Copy /tmp/cuadrao-apple-name-xcode/Build/Products/Debug-iphonesimulator/ArgusFoundationUITests.swiftmodule/arm64-apple-ios-simulator.abi.json /tmp/cuadrao-apple-name-xcode/Build/Intermediates.noindex/ArgusFoundation.build/Debug-iphonesimulator/ArgusFoundationUITests.build/Objects-normal/arm64/ArgusFoundationUITests.abi.json (in target 'ArgusFoundationUITests' from project 'ArgusFoundation')
    cd /tmp/cuadrao-apple-name-independent/ios
    builtin-copy -exclude .DS_Store -exclude CVS -exclude .svn -exclude .git -exclude .hg -strip-unsigned-binaries -strip-deterministic -strip-tool /Applications/Xcode.app/Contents/Developer/Toolchains/XcodeDefault.xctoolchain/usr/bin/strip -resolve-src-symlinks -rename /tmp/cuadrao-apple-name-xcode/Build/Intermediates.noindex/ArgusFoundation.build/Debug-iphonesimulator/ArgusFoundationUITests.build/Objects-normal/arm64/ArgusFoundationUITests.abi.json /tmp/cuadrao-apple-name-xcode/Build/Products/Debug-iphonesimulator/ArgusFoundationUITests.swiftmodule/arm64-apple-ios-simulator.abi.json

Copy /tmp/cuadrao-apple-name-xcode/Build/Products/Debug-iphonesimulator/ArgusFoundationUITests.swiftmodule/arm64-apple-ios-simulator.swiftmodule /tmp/cuadrao-apple-name-xcode/Build/Intermediates.noindex/ArgusFoundation.build/Debug-iphonesimulator/ArgusFoundationUITests.build/Objects-normal/arm64/ArgusFoundationUITests.swiftmodule (in target 'ArgusFoundationUITests' from project 'ArgusFoundation')
    cd /tmp/cuadrao-apple-name-independent/ios
    builtin-copy -exclude .DS_Store -exclude CVS -exclude .svn -exclude .git -exclude .hg -strip-unsigned-binaries -strip-deterministic -strip-tool /Applications/Xcode.app/Contents/Developer/Toolchains/XcodeDefault.xctoolchain/usr/bin/strip -resolve-src-symlinks -rename /tmp/cuadrao-apple-name-xcode/Build/Intermediates.noindex/ArgusFoundation.build/Debug-iphonesimulator/ArgusFoundationUITests.build/Objects-normal/arm64/ArgusFoundationUITests.swiftmodule /tmp/cuadrao-apple-name-xcode/Build/Products/Debug-iphonesimulator/ArgusFoundationUITests.swiftmodule/arm64-apple-ios-simulator.swiftmodule

Copy /tmp/cuadrao-apple-name-xcode/Build/Products/Debug-iphonesimulator/ArgusFoundationUITests.swiftmodule/arm64-apple-ios-simulator.swiftdoc /tmp/cuadrao-apple-name-xcode/Build/Intermediates.noindex/ArgusFoundation.build/Debug-iphonesimulator/ArgusFoundationUITests.build/Objects-normal/arm64/ArgusFoundationUITests.swiftdoc (in target 'ArgusFoundationUITests' from project 'ArgusFoundation')
    cd /tmp/cuadrao-apple-name-independent/ios
    builtin-copy -exclude .DS_Store -exclude CVS -exclude .svn -exclude .git -exclude .hg -strip-unsigned-binaries -strip-deterministic -strip-tool /Applications/Xcode.app/Contents/Developer/Toolchains/XcodeDefault.xctoolchain/usr/bin/strip -resolve-src-symlinks -rename /tmp/cuadrao-apple-name-xcode/Build/Intermediates.noindex/ArgusFoundation.build/Debug-iphonesimulator/ArgusFoundationUITests.build/Objects-normal/arm64/ArgusFoundationUITests.swiftdoc /tmp/cuadrao-apple-name-xcode/Build/Products/Debug-iphonesimulator/ArgusFoundationUITests.swiftmodule/arm64-apple-ios-simulator.swiftdoc

Copy /tmp/cuadrao-apple-name-xcode/Build/Products/Debug-iphonesimulator/ArgusFoundationUITests.swiftmodule/Project/arm64-apple-ios-simulator.swiftsourceinfo /tmp/cuadrao-apple-name-xcode/Build/Intermediates.noindex/ArgusFoundation.build/Debug-iphonesimulator/ArgusFoundationUITests.build/Objects-normal/arm64/ArgusFoundationUITests.swiftsourceinfo (in target 'ArgusFoundationUITests' from project 'ArgusFoundation')
    cd /tmp/cuadrao-apple-name-independent/ios
    builtin-copy -exclude .DS_Store -exclude CVS -exclude .svn -exclude .git -exclude .hg -strip-unsigned-binaries -strip-deterministic -strip-tool /Applications/Xcode.app/Contents/Developer/Toolchains/XcodeDefault.xctoolchain/usr/bin/strip -resolve-src-symlinks -rename /tmp/cuadrao-apple-name-xcode/Build/Intermediates.noindex/ArgusFoundation.build/Debug-iphonesimulator/ArgusFoundationUITests.build/Objects-normal/arm64/ArgusFoundationUITests.swiftsourceinfo /tmp/cuadrao-apple-name-xcode/Build/Products/Debug-iphonesimulator/ArgusFoundationUITests.swiftmodule/Project/arm64-apple-ios-simulator.swiftsourceinfo

SwiftDriverJobDiscovery normal arm64 Compiling FinancialLoopUITests.swift, FoundationUITests.swift (in target 'ArgusFoundationUITests' from project 'ArgusFoundation')

SwiftDriverJobDiscovery normal arm64 Compiling PersonalMoneyUITests.swift, ReleaseUIJourneyTests.swift (in target 'ArgusFoundationUITests' from project 'ArgusFoundation')

SwiftDriverJobDiscovery normal arm64 Compiling SearchUITests.swift, SharedHouseholdPlanningUITests.swift (in target 'ArgusFoundationUITests' from project 'ArgusFoundation')

SwiftDriverJobDiscovery normal arm64 Compiling CuadraoHistoryDesignUITests.swift, CuadraoHomeChartUITests.swift (in target 'ArgusFoundationUITests' from project 'ArgusFoundation')

SwiftDriver\ Compilation ArgusFoundationUITests normal arm64 com.apple.xcode.tools.swift.compiler (in target 'ArgusFoundationUITests' from project 'ArgusFoundation')
    cd /tmp/cuadrao-apple-name-independent/ios
    builtin-Swift-Compilation -- /Applications/Xcode.app/Contents/Developer/Toolchains/XcodeDefault.xctoolchain/usr/bin/swiftc -module-name ArgusFoundationUITests -Onone @/tmp/cuadrao-apple-name-xcode/Build/Intermediates.noindex/ArgusFoundation.build/Debug-iphonesimulator/ArgusFoundationUITests.build/Objects-normal/arm64/ArgusFoundationUITests.SwiftFileList -DDEBUG -module-alias Testing\=_Testing_Unavailable -plugin-path /Applications/Xcode.app/Contents/Developer/Toolchains/XcodeDefault.xctoolchain/usr/lib/swift/host/plugins/testing -enable-bare-slash-regex -enable-experimental-feature DebugDescriptionMacro -sdk /Applications/Xcode.app/Contents/Developer/Platforms/iPhoneSimulator.platform/Developer/SDKs/iPhoneSimulator27.0.sdk -target arm64-apple-ios17.0-simulator -g -module-cache-path /tmp/cuadrao-apple-name-xcode/ModuleCache.noindex -Xfrontend -serialize-debugging-options -enable-testing -index-store-path /tmp/cuadrao-apple-name-xcode/Index.noindex/DataStore -swift-version 5 -I /tmp/cuadrao-apple-name-xcode/Build/Products/Debug-iphonesimulator -Isystem /Applications/Xcode.app/Contents/Developer/Platforms/iPhoneSimulator.platform/Developer/usr/lib -F /tmp/cuadrao-apple-name-xcode/Build/Products/Debug-iphonesimulator -F /Applications/Xcode.app/Contents/Developer/Platforms/iPhoneSimulator.platform/Developer/Library/Frameworks -F /Applications/Xcode.app/Contents/Developer/Platforms/iPhoneSimulator.platform/Developer/SDKs/iPhoneSimulator27.0.sdk/Developer/Library/Frameworks -c -j18 -enable-batch-mode -incremental -Xcc -ivfsstatcache -Xcc /tmp/cuadrao-apple-name-xcode/SDKStatCaches.noindex/iphonesimulator27.0-24A430-8dc58220667be655e1bcc261a7455254.sdkstatcache -output-file-map /tmp/cuadrao-apple-name-xcode/Build/Intermediates.noindex/ArgusFoundation.build/Debug-iphonesimulator/ArgusFoundationUITests.build/Objects-normal/arm64/ArgusFoundationUITests-OutputFileMap.json -save-temps -no-color-diagnostics -explicit-module-build -module-cache-path /tmp/cuadrao-apple-name-xcode/Build/Intermediates.noindex/SwiftExplicitPrecompiledModules -clang-scanner-module-cache-path /tmp/cuadrao-apple-name-xcode/ModuleCache.noindex -sdk-module-cache-path /tmp/cuadrao-apple-name-xcode/SDKExplicitPrecompiledModules -emit-dependencies -emit-module -emit-module-path /tmp/cuadrao-apple-name-xcode/Build/Intermediates.noindex/ArgusFoundation.build/Debug-iphonesimulator/ArgusFoundationUITests.build/Objects-normal/arm64/ArgusFoundationUITests.swiftmodule -serialize-diagnostics -dependency-scan-serialize-diagnostics-path /tmp/cuadrao-apple-name-xcode/Build/Intermediates.noindex/ArgusFoundation.build/Debug-iphonesimulator/ArgusFoundationUITests.build/Objects-normal/arm64/ArgusFoundationUITests-dependency-scan.dia -validate-clang-modules-once -clang-build-session-file /tmp/cuadrao-apple-name-xcode/ModuleCache.noindex/Session.modulevalidation -Xcc -fmodules-prune-interval\=86400 -Xcc -fmodules-prune-after\=345600 -emit-const-values -const-gather-protocols-list /tmp/cuadrao-apple-name-xcode/Build/Intermediates.noindex/ArgusFoundation.build/Debug-iphonesimulator/ArgusFoundationUITests.build/Objects-normal/arm64/ArgusFoundationUITests_const_extract_protocols.json -Xcc -iquote -Xcc /tmp/cuadrao-apple-name-xcode/Build/Intermediates.noindex/ArgusFoundation.build/Debug-iphonesimulator/ArgusFoundationUITests.build/ArgusFoundationUITests-generated-files.hmap -Xcc -I/tmp/cuadrao-apple-name-xcode/Build/Intermediates.noindex/ArgusFoundation.build/Debug-iphonesimulator/ArgusFoundationUITests.build/ArgusFoundationUITests-own-target-headers.hmap -Xcc -I/tmp/cuadrao-apple-name-xcode/Build/Intermediates.noindex/ArgusFoundation.build/Debug-iphonesimulator/ArgusFoundationUITests.build/ArgusFoundationUITests-all-non-framework-target-headers.hmap -Xcc -ivfsoverlay -Xcc /tmp/cuadrao-apple-name-xcode/Build/Intermediates.noindex/ArgusFoundation.build/Debug-iphonesimulator/ArgusFoundation-4b5f52643afcc14b6dbf13e25e651fe7-VFS-iphonesimulator/all-product-headers.yaml -Xcc -iquote -Xcc /tmp/cuadrao-apple-name-xcode/Build/Intermediates.noindex/ArgusFoundation.build/Debug-iphonesimulator/ArgusFoundationUITests.build/ArgusFoundationUITests-project-headers.hmap -Xcc -I/tmp/cuadrao-apple-name-xcode/Build/Products/Debug-iphonesimulator/include -Xcc -I/tmp/cuadrao-apple-name-xcode/Build/Intermediates.noindex/ArgusFoundation.build/Debug-iphonesimulator/ArgusFoundationUITests.build/DerivedSources-normal/arm64 -Xcc -I/tmp/cuadrao-apple-name-xcode/Build/Intermediates.noindex/ArgusFoundation.build/Debug-iphonesimulator/ArgusFoundationUITests.build/DerivedSources/arm64 -Xcc -I/tmp/cuadrao-apple-name-xcode/Build/Intermediates.noindex/ArgusFoundation.build/Debug-iphonesimulator/ArgusFoundationUITests.build/DerivedSources -emit-objc-header -emit-objc-header-path /tmp/cuadrao-apple-name-xcode/Build/Intermediates.noindex/ArgusFoundation.build/Debug-iphonesimulator/ArgusFoundationUITests.build/Objects-normal/arm64/ArgusFoundationUITests-Swift.h -working-directory /tmp/cuadrao-apple-name-independent/ios -experimental-emit-module-separately -disable-cmo

Ld /tmp/cuadrao-apple-name-xcode/Build/Products/Debug-iphonesimulator/ArgusFoundationUITests-Runner.app/PlugIns/ArgusFoundationUITests.xctest/ArgusFoundationUITests normal (in target 'ArgusFoundationUITests' from project 'ArgusFoundation')
    cd /tmp/cuadrao-apple-name-independent/ios
    /Applications/Xcode.app/Contents/Developer/Toolchains/XcodeDefault.xctoolchain/usr/bin/clang -Xlinker -reproducible -target arm64-apple-ios17.0-simulator -bundle -isysroot /Applications/Xcode.app/Contents/Developer/Platforms/iPhoneSimulator.platform/Developer/SDKs/iPhoneSimulator27.0.sdk -Os -Xlinker -no_warn_duplicate_libraries -L/tmp/cuadrao-apple-name-xcode/Build/Intermediates.noindex/EagerLinkingTBDs/Debug-iphonesimulator -L/tmp/cuadrao-apple-name-xcode/Build/Products/Debug-iphonesimulator -L/Applications/Xcode.app/Contents/Developer/Platforms/iPhoneSimulator.platform/Developer/usr/lib -F/tmp/cuadrao-apple-name-xcode/Build/Intermediates.noindex/EagerLinkingTBDs/Debug-iphonesimulator -F/tmp/cuadrao-apple-name-xcode/Build/Products/Debug-iphonesimulator -iframework /Applications/Xcode.app/Contents/Developer/Platforms/iPhoneSimulator.platform/Developer/Library/Frameworks -iframework /Applications/Xcode.app/Contents/Developer/Platforms/iPhoneSimulator.platform/Developer/SDKs/iPhoneSimulator27.0.sdk/Developer/Library/Frameworks -filelist /tmp/cuadrao-apple-name-xcode/Build/Intermediates.noindex/ArgusFoundation.build/Debug-iphonesimulator/ArgusFoundationUITests.build/Objects-normal/arm64/ArgusFoundationUITests.LinkFileList -Xlinker -rpath -Xlinker /usr/lib/swift -Xlinker -rpath -Xlinker @loader_path/Frameworks -Xlinker -dead_strip -Xlinker -object_path_lto -Xlinker /tmp/cuadrao-apple-name-xcode/Build/Intermediates.noindex/ArgusFoundation.build/Debug-iphonesimulator/ArgusFoundationUITests.build/Objects-normal/arm64/ArgusFoundationUITests_lto.o -rdynamic -Xlinker -objc_abi_version -Xlinker 2 -Xlinker -dependency_info -Xlinker /tmp/cuadrao-apple-name-xcode/Build/Intermediates.noindex/ArgusFoundation.build/Debug-iphonesimulator/ArgusFoundationUITests.build/Objects-normal/arm64/ArgusFoundationUITests_dependency_info.dat -fobjc-link-runtime -L/Applications/Xcode.app/Contents/Developer/Toolchains/XcodeDefault.xctoolchain/usr/lib/swift/iphonesimulator -L/usr/lib/swift -Xlinker -add_ast_path -Xlinker /tmp/cuadrao-apple-name-xcode/Build/Intermediates.noindex/ArgusFoundation.build/Debug-iphonesimulator/ArgusFoundationUITests.build/Objects-normal/arm64/ArgusFoundationUITests.swiftmodule -Xlinker -needed_framework -Xlinker XCTest -framework XCTest -Xlinker -needed-lXCTestSwiftSupport -lXCTestSwiftSupport -Xlinker -sectcreate -Xlinker __TEXT -Xlinker __entitlements -Xlinker /tmp/cuadrao-apple-name-xcode/Build/Intermediates.noindex/ArgusFoundation.build/Debug-iphonesimulator/ArgusFoundationUITests.build/ArgusFoundationUITests.xctest-Simulated.xcent -Xlinker -sectcreate -Xlinker __TEXT -Xlinker __ents_der -Xlinker /tmp/cuadrao-apple-name-xcode/Build/Intermediates.noindex/ArgusFoundation.build/Debug-iphonesimulator/ArgusFoundationUITests.build/ArgusFoundationUITests.xctest-Simulated.xcent.der -Xlinker -no_adhoc_codesign -o /tmp/cuadrao-apple-name-xcode/Build/Products/Debug-iphonesimulator/ArgusFoundationUITests-Runner.app/PlugIns/ArgusFoundationUITests.xctest/ArgusFoundationUITests

CopySwiftLibs /tmp/cuadrao-apple-name-xcode/Build/Products/Debug-iphonesimulator/ArgusFoundationUITests-Runner.app/PlugIns/ArgusFoundationUITests.xctest (in target 'ArgusFoundationUITests' from project 'ArgusFoundation')
    cd /tmp/cuadrao-apple-name-independent/ios
    builtin-swiftStdLibTool --copy --verbose --sign - --scan-executable /tmp/cuadrao-apple-name-xcode/Build/Products/Debug-iphonesimulator/ArgusFoundationUITests-Runner.app/PlugIns/ArgusFoundationUITests.xctest/ArgusFoundationUITests --scan-folder /tmp/cuadrao-apple-name-xcode/Build/Products/Debug-iphonesimulator/ArgusFoundationUITests-Runner.app/PlugIns/ArgusFoundationUITests.xctest/Frameworks --scan-folder /tmp/cuadrao-apple-name-xcode/Build/Products/Debug-iphonesimulator/ArgusFoundationUITests-Runner.app/PlugIns/ArgusFoundationUITests.xctest/PlugIns --scan-folder /tmp/cuadrao-apple-name-xcode/Build/Products/Debug-iphonesimulator/ArgusFoundationUITests-Runner.app/PlugIns/ArgusFoundationUITests.xctest/SystemExtensions --scan-folder /tmp/cuadrao-apple-name-xcode/Build/Products/Debug-iphonesimulator/ArgusFoundationUITests-Runner.app/PlugIns/ArgusFoundationUITests.xctest/Extensions --platform iphonesimulator --toolchain /Applications/Xcode.app/Contents/Developer/Toolchains/XcodeDefault.xctoolchain --destination /tmp/cuadrao-apple-name-xcode/Build/Products/Debug-iphonesimulator/ArgusFoundationUITests-Runner.app/PlugIns/ArgusFoundationUITests.xctest/Frameworks --strip-bitcode --scan-executable /Applications/Xcode.app/Contents/Developer/Platforms/iPhoneSimulator.platform/Developer/usr/lib/libXCTestSwiftSupport.dylib --strip-bitcode-tool /Applications/Xcode.app/Contents/Developer/Toolchains/XcodeDefault.xctoolchain/usr/bin/bitcode_strip --emit-dependency-info /tmp/cuadrao-apple-name-xcode/Build/Intermediates.noindex/ArgusFoundation.build/Debug-iphonesimulator/ArgusFoundationUITests.build/SwiftStdLibToolInputDependencies.dep --filter-for-swift-os

ExtractAppIntentsMetadata (in target 'ArgusFoundationUITests' from project 'ArgusFoundation')
    cd /tmp/cuadrao-apple-name-independent/ios
    /Applications/Xcode.app/Contents/Developer/Toolchains/XcodeDefault.xctoolchain/usr/bin/appintentsmetadataprocessor --toolchain-dir /Applications/Xcode.app/Contents/Developer/Toolchains/XcodeDefault.xctoolchain --module-name ArgusFoundationUITests --sdk-root /Applications/Xcode.app/Contents/Developer/Platforms/iPhoneSimulator.platform/Developer/SDKs/iPhoneSimulator27.0.sdk --xcode-version 27A266a --platform-family iOS --deployment-target 17.0 --bundle-identifier local.argus.apple-name-independent.uitests --output /tmp/cuadrao-apple-name-xcode/Build/Products/Debug-iphonesimulator/ArgusFoundationUITests-Runner.app/PlugIns/ArgusFoundationUITests.xctest --target-triple arm64-apple-ios17.0-simulator --binary-file /tmp/cuadrao-apple-name-xcode/Build/Products/Debug-iphonesimulator/ArgusFoundationUITests-Runner.app/PlugIns/ArgusFoundationUITests.xctest/ArgusFoundationUITests --dependency-file /tmp/cuadrao-apple-name-xcode/Build/Intermediates.noindex/ArgusFoundation.build/Debug-iphonesimulator/ArgusFoundationUITests.build/Objects-normal/arm64/ArgusFoundationUITests_dependency_info.dat --stringsdata-file /tmp/cuadrao-apple-name-xcode/Build/Intermediates.noindex/ArgusFoundation.build/Debug-iphonesimulator/ArgusFoundationUITests.build/Objects-normal/arm64/ExtractedAppShortcutsMetadata.stringsdata --source-file-list /tmp/cuadrao-apple-name-xcode/Build/Intermediates.noindex/ArgusFoundation.build/Debug-iphonesimulator/ArgusFoundationUITests.build/Objects-normal/arm64/ArgusFoundationUITests.SwiftFileList --metadata-file-list /tmp/cuadrao-apple-name-xcode/Build/Intermediates.noindex/ArgusFoundation.build/Debug-iphonesimulator/ArgusFoundationUITests.build/ArgusFoundationUITests.DependencyMetadataFileList --static-metadata-file-list /tmp/cuadrao-apple-name-xcode/Build/Intermediates.noindex/ArgusFoundation.build/Debug-iphonesimulator/ArgusFoundationUITests.build/ArgusFoundationUITests.DependencyStaticMetadataFileList --swift-const-vals-list /tmp/cuadrao-apple-name-xcode/Build/Intermediates.noindex/ArgusFoundation.build/Debug-iphonesimulator/ArgusFoundationUITests.build/Objects-normal/arm64/ArgusFoundationUITests.SwiftConstValuesFileList --compile-time-extraction --deployment-aware-processing --no-app-shortcuts-localization
2026-10-05 21:18:27.773 appintentsmetadataprocessor[67852:12299233] Starting appintentsmetadataprocessor export
2026-10-05 21:18:27.774 appintentsmetadataprocessor[67852:12299233] warning: Metadata extraction skipped, no AppIntents.framework dependency found

AppIntentsSSUTraining (in target 'ArgusFoundationUITests' from project 'ArgusFoundation')
    cd /tmp/cuadrao-apple-name-independent/ios
    /Applications/Xcode.app/Contents/Developer/Toolchains/XcodeDefault.xctoolchain/usr/bin/appintentsnltrainingprocessor --infoplist-path /tmp/cuadrao-apple-name-xcode/Build/Products/Debug-iphonesimulator/ArgusFoundationUITests-Runner.app/PlugIns/ArgusFoundationUITests.xctest/Info.plist --temp-dir-path /tmp/cuadrao-apple-name-xcode/Build/Intermediates.noindex/ArgusFoundation.build/Debug-iphonesimulator/ArgusFoundationUITests.build/ssu --bundle-id local.argus.apple-name-independent.uitests --product-path /tmp/cuadrao-apple-name-xcode/Build/Products/Debug-iphonesimulator/ArgusFoundationUITests-Runner.app/PlugIns/ArgusFoundationUITests.xctest --extracted-metadata-path /tmp/cuadrao-apple-name-xcode/Build/Products/Debug-iphonesimulator/ArgusFoundationUITests-Runner.app/PlugIns/ArgusFoundationUITests.xctest/Metadata.appintents --metadata-file-list /tmp/cuadrao-apple-name-xcode/Build/Intermediates.noindex/ArgusFoundation.build/Debug-iphonesimulator/ArgusFoundationUITests.build/ArgusFoundationUITests.DependencyMetadataFileList --source-file /tmp/cuadrao-apple-name-xcode/Build/Products/Debug-iphonesimulator/ArgusFoundationUITests-Runner.app/PlugIns/ArgusFoundationUITests.xctest/Info.plist --archive-ssu-assets
2026-10-05 21:18:27.791 appintentsnltrainingprocessor[67853:12299234] Parsing options for appintentsnltrainingprocessor
2026-10-05 21:18:27.791 appintentsnltrainingprocessor[67853:12299234] Starting AppIntents SSU YAML Generation
2026-10-05 21:18:27.791 appintentsnltrainingprocessor[67853:12299234] No AppShortcuts found - Skipping.

MkDir /tmp/cuadrao-apple-name-xcode/Build/Products/Debug-iphonesimulator/ArgusFoundationUITests-Runner.app (in target 'ArgusFoundationUITests' from project 'ArgusFoundation')
    cd /tmp/cuadrao-apple-name-independent/ios
    /bin/mkdir -p /tmp/cuadrao-apple-name-xcode/Build/Products/Debug-iphonesimulator/ArgusFoundationUITests-Runner.app

CopyPlistFile /tmp/cuadrao-apple-name-xcode/Build/Products/Debug-iphonesimulator/ArgusFoundationUITests-Runner.app/Info.plist /Applications/Xcode.app/Contents/Developer/Platforms/iPhoneSimulator.platform/Developer/Library/Xcode/Agents/XCTRunner.app/Info.plist (in target 'ArgusFoundationUITests' from project 'ArgusFoundation')
    cd /tmp/cuadrao-apple-name-independent/ios
    builtin-copyPlist --validate --convert xml1 --macro-expansion WRAPPEDPRODUCTNAME ArgusFoundationUITests-Runner --macro-expansion WRAPPEDPRODUCTBUNDLEIDENTIFIER local.argus.apple-name-independent.uitests.xctrunner --macro-expansion TESTPRODUCTNAME ArgusFoundationUITests --macro-expansion TESTPRODUCTBUNDLEIDENTIFIER local.argus.apple-name-independent.uitests --copy-value UIDeviceFamily /tmp/cuadrao-apple-name-xcode/Build/Products/Debug-iphonesimulator/ArgusFoundationUITests-Runner.app/PlugIns/ArgusFoundationUITests.xctest/Info.plist --outdir /tmp/cuadrao-apple-name-xcode/Build/Products/Debug-iphonesimulator/ArgusFoundationUITests-Runner.app -- /Applications/Xcode.app/Contents/Developer/Platforms/iPhoneSimulator.platform/Developer/Library/Xcode/Agents/XCTRunner.app/Info.plist

CopyAndPreserveArchs /tmp/cuadrao-apple-name-xcode/Build/Products/Debug-iphonesimulator/ArgusFoundationUITests-Runner.app/ArgusFoundationUITests-Runner (in target 'ArgusFoundationUITests' from project 'ArgusFoundation')
    cd /tmp/cuadrao-apple-name-independent/ios
    /Applications/Xcode.app/Contents/Developer/Toolchains/XcodeDefault.xctoolchain/usr/bin/lipo /Applications/Xcode.app/Contents/Developer/Platforms/iPhoneSimulator.platform/Developer/Library/Xcode/Agents/XCTRunner.app/XCTRunner -output /tmp/cuadrao-apple-name-xcode/Build/Products/Debug-iphonesimulator/ArgusFoundationUITests-Runner.app/ArgusFoundationUITests-Runner -extract arm64

Copy /tmp/cuadrao-apple-name-xcode/Build/Products/Debug-iphonesimulator/ArgusFoundationUITests-Runner.app/PkgInfo /Applications/Xcode.app/Contents/Developer/Platforms/iPhoneSimulator.platform/Developer/Library/Xcode/Agents/XCTRunner.app/PkgInfo (in target 'ArgusFoundationUITests' from project 'ArgusFoundation')
    cd /tmp/cuadrao-apple-name-independent/ios
    builtin-copy -exclude .DS_Store -exclude CVS -exclude .svn -exclude .git -exclude .hg -strip-unsigned-binaries -strip-deterministic -strip-tool /Applications/Xcode.app/Contents/Developer/Toolchains/XcodeDefault.xctoolchain/usr/bin/strip -resolve-src-symlinks /Applications/Xcode.app/Contents/Developer/Platforms/iPhoneSimulator.platform/Developer/Library/Xcode/Agents/XCTRunner.app/PkgInfo /tmp/cuadrao-apple-name-xcode/Build/Products/Debug-iphonesimulator/ArgusFoundationUITests-Runner.app

CodeSign /tmp/cuadrao-apple-name-xcode/Build/Products/Debug-iphonesimulator/ArgusFoundationUITests-Runner.app/PlugIns/ArgusFoundationUITests.xctest (in target 'ArgusFoundationUITests' from project 'ArgusFoundation')
    cd /tmp/cuadrao-apple-name-independent/ios

    Signing Identity:     "Sign to Run Locally"

    /usr/bin/codesign --force --sign - --entitlements /tmp/cuadrao-apple-name-xcode/Build/Intermediates.noindex/ArgusFoundation.build/Debug-iphonesimulator/ArgusFoundationUITests.build/ArgusFoundationUITests.xctest.xcent --timestamp\=none --generate-entitlement-der /tmp/cuadrao-apple-name-xcode/Build/Products/Debug-iphonesimulator/ArgusFoundationUITests-Runner.app/PlugIns/ArgusFoundationUITests.xctest

CodeSign /tmp/cuadrao-apple-name-xcode/Build/Products/Debug-iphonesimulator/ArgusFoundationUITests-Runner.app (in target 'ArgusFoundationUITests' from project 'ArgusFoundation')
    cd /tmp/cuadrao-apple-name-independent/ios

    Signing Identity:     "Sign to Run Locally"

    /usr/bin/codesign --force --sign - --entitlements /tmp/cuadrao-apple-name-xcode/Build/Intermediates.noindex/ArgusFoundation.build/Debug-iphonesimulator/ArgusFoundationUITests.build/ArgusFoundationUITests.xctest.xcent --timestamp\=none --generate-entitlement-der /tmp/cuadrao-apple-name-xcode/Build/Products/Debug-iphonesimulator/ArgusFoundationUITests-Runner.app
/tmp/cuadrao-apple-name-xcode/Build/Products/Debug-iphonesimulator/ArgusFoundationUITests-Runner.app: replacing existing signature

RegisterExecutionPolicyException /tmp/cuadrao-apple-name-xcode/Build/Products/Debug-iphonesimulator/ArgusFoundationUITests-Runner.app/PlugIns/ArgusFoundationUITests.xctest (in target 'ArgusFoundationUITests' from project 'ArgusFoundation')
    cd /tmp/cuadrao-apple-name-independent/ios
    builtin-RegisterExecutionPolicyException /tmp/cuadrao-apple-name-xcode/Build/Products/Debug-iphonesimulator/ArgusFoundationUITests-Runner.app/PlugIns/ArgusFoundationUITests.xctest

Touch /tmp/cuadrao-apple-name-xcode/Build/Products/Debug-iphonesimulator/ArgusFoundationUITests-Runner.app/PlugIns/ArgusFoundationUITests.xctest (in target 'ArgusFoundationUITests' from project 'ArgusFoundation')
    cd /tmp/cuadrao-apple-name-independent/ios
    /usr/bin/touch -c /tmp/cuadrao-apple-name-xcode/Build/Products/Debug-iphonesimulator/ArgusFoundationUITests-Runner.app/PlugIns/ArgusFoundationUITests.xctest

PruneExplicitPrecompiledModules /tmp/cuadrao-apple-name-xcode/SDKExplicitPrecompiledModules

PruneExplicitPrecompiledModules /tmp/cuadrao-apple-name-xcode/Build/Intermediates.noindex/ExplicitPrecompiledModules

PruneExplicitPrecompiledModules /tmp/cuadrao-apple-name-xcode/Build/Intermediates.noindex/SwiftExplicitPrecompiledModules

2026-10-05 21:18:31.707554-0500 ArgusFoundationUITests-Runner[67869:12299626] [Default] Running tests...
objc[67869]: Class UIAccessibilityLoaderWebShared is implemented in both /Library/Developer/CoreSimulator/Volumes/iOS_23F77/Library/Developer/CoreSimulator/Profiles/Runtimes/iOS 26.5.simruntime/Contents/Resources/RuntimeRoot/System/Library/AccessibilityBundles/WebCore.axbundle/WebCore (0x109d74310) and /Library/Developer/CoreSimulator/Volumes/iOS_23F77/Library/Developer/CoreSimulator/Profiles/Runtimes/iOS 26.5.simruntime/Contents/Resources/RuntimeRoot/System/Library/AccessibilityBundles/WebKit.axbundle/WebKit (0x109e10398). This may cause spurious casting failures and mysterious crashes. One of the duplicates must be removed or renamed.
    t =      nans Interface orientation changed to Portrait
Test Suite 'Selected tests' started at 2026-10-05 21:18:33.050.
Test Suite 'ArgusFoundationUITests.xctest' started at 2026-10-05 21:18:33.050.
Test Suite 'IndependentAppleNameUITests' started at 2026-10-05 21:18:33.050.
Test Case '-[ArgusFoundationUITests.IndependentAppleNameUITests testFormattedFirstNameIsDurableBeforeGrantAndCanonicalAfterRetryAndRelaunch]' started.
    t =     0.00s Start Test at 2026-10-05 21:18:33.051
    t =     0.14s Set Up
    t =     0.15s Open local.argus.apple-name-independent
    t =     0.15s     Launch local.argus.apple-name-independent
2026-10-05 21:18:33.383 xcodebuild[67640:12297735] [MT] IDELaunchParametersSnapshot: debugger version lookup failed for path '<nil>': noURL
2026-10-05 21:18:33.383 xcodebuild[67640:12297735] [MT] IDELaunchParametersSnapshot: no debugger version
    t =     0.95s         Setting up automation session
    t =     1.46s         Wait for local.argus.apple-name-independent to idle
    t =     2.70s Waiting 10.0s for "name.prepare" Button to exist
    t =     3.74s     Checking `Expect predicate `existsNoRetry == 1` for object "name.prepare" Button`
    t =     3.74s         Checking existence of `"name.prepare" Button`
    t =     3.79s Tap "name.prepare" Button
    t =     3.79s     Wait for local.argus.apple-name-independent to idle
    t =     3.79s     Find the "name.prepare" Button
    t =     3.81s     Check for interrupting elements affecting "name.prepare" Button
    t =     3.82s     Synthesize event
    t =     4.22s     Wait for local.argus.apple-name-independent to idle
    t =     4.22s Find the "name.pregrant" StaticText
    t =     4.23s Find the "name.prepared" StaticText
    t =     4.24s Find the Target Application 'local.argus.apple-name-independent'
    t =     4.32s Added attachment named 'first-name-durable-before-grant'
    t =     4.32s Tap "name.grant" Button
    t =     4.32s     Wait for local.argus.apple-name-independent to idle
    t =     4.32s     Find the "name.grant" Button
    t =     4.33s     Check for interrupting elements affecting "name.grant" Button
    t =     4.34s     Synthesize event
    t =     4.63s     Wait for local.argus.apple-name-independent to idle
    t =     4.96s Waiting 10.0s for Alert (First Match) to exist
    t =     6.00s     Checking `Expect predicate `existsNoRetry == 1` for object Alert (First Match)`
    t =     6.00s         Checking existence of `Alert (First Match)`
    t =     6.01s Tap Button (First Match)
    t =     6.01s     Wait for local.argus.apple-name-independent to idle
    t =     6.02s     Find the Button (First Match)
    t =     6.04s     Check for interrupting elements affecting "OK" Button
    t =     6.06s     Synthesize event
    t =     6.34s     Wait for local.argus.apple-name-independent to idle
    t =     6.57s Waiting 10.0s for "auth.identity" StaticText to exist
    t =     7.61s     Checking `Expect predicate `existsNoRetry == 1` for object "auth.identity" StaticText`
    t =     7.61s         Checking existence of `"auth.identity" StaticText`
    t =     7.62s Find the "name.canonical" StaticText
    t =     7.63s Find the "name.outcome" StaticText
    t =     7.63s Find the Target Application 'local.argus.apple-name-independent'
    t =     7.70s Added attachment named 'first-name-outage-capture-failed'
    t =     7.70s Tap "name.retry" Button
    t =     7.70s     Wait for local.argus.apple-name-independent to idle
    t =     7.70s     Find the "name.retry" Button
    t =     7.71s     Check for interrupting elements affecting "name.retry" Button
    t =     7.72s     Synthesize event
    t =     8.01s     Wait for local.argus.apple-name-independent to idle
    t =     9.05s Checking `Expect predicate `label == "María 王"` for object "name.canonical" StaticText`
    t =     9.05s     Find the "name.canonical" StaticText
    t =     9.07s Find the Target Application 'local.argus.apple-name-independent'
    t =     9.14s Added attachment named 'first-name-canonical-after-retry'
    t =     9.14s Terminate local.argus.apple-name-independent:67881
    t =    10.20s Open local.argus.apple-name-independent
    t =    10.20s     Launch local.argus.apple-name-independent
2026-10-05 21:18:43.250 xcodebuild[67640:12297735] [MT] IDELaunchParametersSnapshot: debugger version lookup failed for path '<nil>': noURL
2026-10-05 21:18:43.250 xcodebuild[67640:12297735] [MT] IDELaunchParametersSnapshot: no debugger version
    t =    10.40s         Setting up automation session
    t =    10.89s         Wait for local.argus.apple-name-independent to idle
    t =    12.08s Waiting 10.0s for "auth.identity" StaticText to exist
    t =    13.11s     Checking `Expect predicate `existsNoRetry == 1` for object "auth.identity" StaticText`
    t =    13.11s         Checking existence of `"auth.identity" StaticText`
    t =    13.15s Find the "name.canonical" StaticText
    t =    13.16s Find the Target Application 'local.argus.apple-name-independent'
    t =    13.22s Added attachment named 'first-name-canonical-after-relaunch'
    t =    13.22s Tear Down
Test Case '-[ArgusFoundationUITests.IndependentAppleNameUITests testFormattedFirstNameIsDurableBeforeGrantAndCanonicalAfterRetryAndRelaunch]' passed (13.480 seconds).
Test Suite 'IndependentAppleNameUITests' passed at 2026-10-05 21:18:46.531.
	 Executed 1 test, with 0 failures (0 unexpected) in 13.480 (13.481) seconds
Test Suite 'ArgusFoundationUITests.xctest' passed at 2026-10-05 21:18:46.531.
	 Executed 1 test, with 0 failures (0 unexpected) in 13.480 (13.481) seconds
Test Suite 'Selected tests' passed at 2026-10-05 21:18:46.532.
	 Executed 1 test, with 0 failures (0 unexpected) in 13.480 (13.482) seconds
2026-10-05 21:18:46.822 xcodebuild[67640:12297735] [MT] IDETestOperationsObserverDebug: 18.965 elapsed -- Testing started completed.
2026-10-05 21:18:46.822 xcodebuild[67640:12297735] [MT] IDETestOperationsObserverDebug: 0.000 sec, +0.000 sec -- start
2026-10-05 21:18:46.822 xcodebuild[67640:12297735] [MT] IDETestOperationsObserverDebug: 18.965 sec, +18.965 sec -- end

Test session results, code coverage, and logs:
	/tmp/cuadrao-apple-name-ui-fixed.xcresult

** TEST SUCCEEDED **

Testing started
